Main Category,Subcategory,Description,Hints,Exceptions
أحوال شخصية,,تختص بالنظر في جميع منازعات القائمة بسبب عقد الزوجية، أو القرابة، أو الوصايا والأوقاف، أو الإرث، أو الولاية على النفس أو المال، وفيما نشأ عنها، وفي العقوبات المنصوص عليها في نظام الولاية على أموال القاصرين وفق المادة الثالثة والثلاثين من نظام المرافعات الشرعية ولائحتها التنفيذية.,جميع مسائل الأحوال الشخصية ومنها:; الدعاوى الناشئة عن مسائل الأحوال الشخصية.; الدعاوى المرفوعة لإيقاع العقوبات المنصوص عليها في نظام الهيئة العامة للولاية على أموال القاصرين ومن في حكمهم.,
أحوال شخصية,التصنيف العام,الدعاوى التابعة لمسائل الأحوال الشخصية، والمتعلقة بالمستندات، وهبة أحد الزوجين أو الورثة أو الرجوع عنها، وإثبات الرضاع أو المصاهرة، وإقامة الحارس القضائي، والمنع من السفر، وطلب التعويض، وأتعاب المحامين أو الوكلاء، والمعارضة على الصك الإنهائي.,,
أحوال شخصية,التصنيف العام - إقامة حارس قضائي,هي دعوى تقام لطلب إقامة حارس قضائي على أموال التركة، أو الوقف، أو الوصية، أو أموال فاقد الأهلية، أو المحجور عليه.,,
أحوال شخصية,التصنيف العام - التعويض عن أضرار التقاضي,هي دعوى تقدم لطلب تعويض مادي عن ضرر لحق بأحد الخصوم نتيجة لدعوى سابقة منظورة أمام محكمة الأحوال الشخصية.,تشمل دعوى التعويض المطالبة بأتعاب الترافع التي تحملها أحد طرفي النزاع ضد الآخر جراء رفع الدعوى الأصلية.,
أحوال شخصية,التصنيف العام - أتعاب محامين أو وكلاء,هي دعوى تقام بشأن المنازعات المتعلقة بأتعاب الترافع بين الموكل والوكيل أو المحامي في قضايا الأحوال الشخصية.,,
أحوال شخصية,التصنيف العام - مطالبة بمستندات,هي دعوى تقام ضد من بحوزته وثائق رسمية أو خاصة، كمستندات خاصة بالزوجة، الزوج، الأولاد، فاقد الأهلية، أو مستندات خاصة بالتركة أو بالأوقاف وغيرها.. المتعلقة بالأحوال الشخصية.,لا يقبل الطلب في حال كانت المطالبة بمستندات يمكن الحصول عليها أو استخراجها مثل المطالبة بتسليم سجل الأسرة حيث يمكن للمرأة السعودية الحصول على نسخة عن طريق الأحوال المدنية وإن كانت متزوجة ولا يشترط إحضار صك طلاق.; لا يقبل الطلب إذا كان الزواج مخالفًا للائحة زواج السعودي بغير سعودية والسعودية بغير سعودي، حيث يلزم تصحيح وضع الزواج من خلال الجهات المختصة أولًا، ثم التقدم بالطلب.,
أحوال شخصية,التصنيف العام - معارضة على صك إنهائي,هي دعوى تقام للاعتراض على الصكوك الإنهائية الصادرة من المحكمة، أو التوثيق وذلك بطلب تعديلها أو إلغائها.,,لا يشمل هذا التصنيف الدعاوى المقامة للاعتراض على (صكوك الدعاوى القضائية) مثل الحضانة والنفقة والزيارة.; لا يقبل الطلب من المنهي في الصك الإنهائي بطلب الإلغاء أو التعديل.
أحوال شخصية,التصنيف العام - منع من السفر,دعوى مستعجلة لمنع أحد الخصوم من السفر مؤقتًا لتفادي ما قد يترتب على سفره من آثار أو أضرار تلحق بالطرف الآخر. ويمهل المدعي سبعة أيام من قيد الدعوى للتقدم بالدعوى الأصلية محل النزاع.,يقبل هذا الطلب إذا كان محل النزاع بين الخصوم يدخل في نطاق اختصاص محكمة الأحوال الشخصية.; لا تشمل دعوى منع السفر طلب منع المدعى عليه من إصدار تأشيرة خروج نهائي للمدعي أو الأولاد، لكونه خارج عن اختصاص الأحوال الشخص.,
أحوال شخصية,التصنيف العام - هبة أو رجوع عنها,هي دعوى تقام ضد أحد الزوجين أو المخطوبين أو أحد الورثة لطلب إثبات الهبة أو ردها أو نقضها.,لا يشمل هذا التصنيف المطالبة برد الدين لكونه خارج عن اختصاص الأحوال الشخصية.; لا يقبل الطلب إذا كان الزواج مخالفًا للائحة زواج السعودي بغير سعودية والسعودية بغير سعودي، حيث يلزم تصحيح وضع الزواج من خلال الجهات المختصة أولًا، ثم التقدم بالطلب.,
أحوال شخصية,التصنيف العام - إثبات شهادة,دعوى من صاحب مصلحة ولو محتملة لإثبات شهادة يخشى فواتها، ويحتمل أن تصبح محل نزاع أمام القضاء مستقبلا في مواجهة الخصم في المنازعات التي تختص بها محكمة الأحوال الشخصية.,,
أحوال شخصية,دعاوى الأوقاف والوصايا,الدعاوى المقامة ضد الواقف أو الموصي أو ورثتهما بشأن (إثبات الوقف أو الوصية أو إبطالهما)، أو المقامة ضد الناظر بشأن (إثبات استحقاق أو تسليمه - محاسبة الناظر أو عزله).,,
أحوال شخصية,دعاوى الأوقاف والوصايا - إبطال وقف أو وصية,الدعوى المقامة من الوارث أو ذي مصلحة ضد الواقف أو ورثته أو ورثة الموصي بشأن إبطال وقف أو وصية.,,
أحوال شخصية,دعاوى الأوقاف والوصايا - إثبات وقف أو وصية,الدعوى المقامة من الناظر، أو الوارث، أو المستحق، أو ذي مصلحة ضد الواقف أو ورثته أو ورثة الموصي بشأن إثبات وقف أو وصية.,لا يقبل طلب إثبات وقف أو وصية من الواقف أو الموصي نفسه، وبإمكانه التقدم على خدمة (توثيق وقف أو وصية).; لا يشمل هذا التصنيف المطالبة بتعيين ناظر على وقف أو وصية، وبإمكانكم اختيار تصنيف رئيسي (إنهاءات) واختيار نوع الدعوى: (إقامة ناظر على وقف).,
أحوال شخصية,دعاوى الأوقاف والوصايا - استحقاق في وقف أو وصية,الدعوى المقامة من المستحق في الوقف أو الوصية بطلب إثبات استحقاقه، أو طلب تسليمه نصيبه، أو المنازعات المتعلقة بعقود الاستثمار أو التعمير.,,
أحوال شخصية,دعاوى الأوقاف والوصايا - عزل ناظر وقف أو وصية,الدعوى المقامة من الوارث أو المستحق ضد الناظر أو الوصي بطلب عزله عن نظارة الوقف أو الوصية لمسوغ شرعي.,,
أحوال شخصية,دعاوى الأوقاف والوصايا - محاسبة ناظر وقف أو وصية,الدعوى المقامة من الوارث، أو المستحق ضد الناظر، أو الوصي، أو المتصرف في الوقف أو الوصية بشأن محاسبته في تقصيره أو إخلاله بالوقف أو الوصية.,,
أحوال شخصية,دعاوى الحضانة والزيارة والنفقة,دعاوى الأحوال الشخصية المتعلقة بالحضانة وتسليم صغير لحاضنه، والنفقة والسكن والزيارة وأجرة إرضاع، وأجرة حضانة.,,
أحوال شخصية,دعاوى الحضانة والزيارة والنفقة - أجرة رضاع أو حضانة,هي دعوى في منازعات أجرة الرضاع أو الحضانة التي تطلبها المرضعة أو الحاضنة لنفسها مقابل إرضاعها أو حضانتها للأولاد.,يشمل هذا التصنيف المطالبة بإلغاء أو إنقاص أجرة الرضاع أو الحضانة المحكوم بها سابقًا أو رد غير المستحق منها.; لا تقبل المطالبة بأجرة رضاع / حضانة قبل الولادة لعدم انعقاد سببها.; لا يقبل الطلب إذا كان الزواج مخالفًا للائحة زواج السعودي بغير سعودية والسعودية بغير سعودي، حيث يلزم تصحيح وضع الزواج من خلال الجهات المختصة أولًا، ثم التقدم بالطلب.,
أحوال شخصية,دعاوى الحضانة والزيارة والنفقة - تسليم صغير لحاضنة,هي دعوى تقام لطلب تسليم صغير دون سن 7 سنوات يُقيم لدى المدعى عليه أثناء قيام الزوجية أو بعد الفرقة، ويكون الحكم فيها مشمولًا بالنفاذ المعجل.,,
أحوال شخصية,دعاوى الحضانة والزيارة والنفقة - حضانة,هي دعوى تقام لطلب حضانة القاصرين سناً - دون سن 18 سنة- أو عقلاً، وذلك في حال وجود نزاع على حضانتهم.,إذا كان مضمون الطلب تسليم صغير (دون سن السابعة) لحاضنه بشكل عاجل، فيلزم تعديل نوع الدعوى لـ (تسليم صغير لحاضنه) حتى تكون الدعوى مستعجلة.; يقبل الطلب من الزوجة ولو كان لديها إنهاء، أو وثيقة حضانة طالما وجد النزاع.; لا يقبل الطلب من الزوجة إذا أقرت بعدم وجود نزاع على حضانة الأبناء، ولها التقدم بطلب توثيق حضانة.; لا يقبل طلب الحضانة من الأم على أولادها إذا كان والدهم متوفى، ولها التقدم بطلب إنهاء إقامة ولاية على قاصر سنًا او عقلًا.; لا يقبل الطلب إذا كان الزواج مخالفًا للائحة زواج السعودي بغير سعودية والسعودية بغير سعودي، حيث يلزم تصحيح وضع الزواج من خلال الجهات المختصة أولًا، ثم التقدم بالطلب.,
أحوال شخصية,دعاوى الحضانة والزيارة والنفقة - رؤية صغير,هي دعوى تقام لطلب رؤية صغير دون سن 7 سنوات يُقيم لدى المدعى عليه أثناء قيام الزوجية أو بعد الفرقة ويكون الحكم فيها مشمولًا بالنفاذ المعجل.,,
أحوال شخصية,دعاوى الحضانة والزيارة والنفقة - زيادة نفقة أو إنقاصها أو إلغائها,هي دعوى في منازعات زيادة النفقة المحكوم بها أو إنقاصها أو إلغائها.,يلزم لقبولها وجود حكم قضائي سابق، أو وثيقة صلح محددة لمقدار النفقة، ويكون طلب المدعي إما زيادة، أو إنقاص، أو إلغاء النفقة المحددة، ورد غير المستحق من النفقة.,
أحوال شخصية,دعاوى الحضانة والزيارة والنفقة - زيارة أولاد أو غيرهم,هي دعوى في منازعات زيارة القاصرين سنًا -دون سن 18 سنة- أو عقلًا، سواء قُدمت من أحد الأبوين أو غيرهم.,لا يقبل طلب زيارة الأولاد إذا كان الزواج مخالفًا للائحة زواج السعودي بغير سعودية والسعودية بغير سعودي، حيث يلزم تصحيح وضع الزواج من خلال الجهات المختصة أولًا، ثم التقدم بالطلب.,
أحوال شخصية,دعاوى الحضانة والزيارة والنفقة - نفقة ماضية,هي دعوى في منازعات النفقة الماضية بأنواعها، وأجرة السكن سواء كانت للزوجة أو للأولاد أثناء قيام الزوجية أو بعد الفرقة، أو لمن تجب نفقته عليهم من الأولياء أو غيرهم.,يلزم الفصل بين النفقة الماضية والمستمرة في دعوتين مستقلتين.; عند المطالبة بالنفقة الماضية يلزم أن يكون المدعي هو المنفق أو ورثته بعد وفاته.; لا يقبل الطلب إذا كان الزواج مخالفًا للائحة زواج السعودي بغير سعودية والسعودية بغير سعودي، حيث يلزم تصحيح وضع الزواج من خلال الجهات المختصة أولًا، ثم التقدم بالطلب.,
أحوال شخصية,دعاوى الحضانة والزيارة والنفقة - نفقة مستمرة,هي دعوى في منازعات النفقة المستمرة بأنواعها، وأجرة السكن، سواءً كانت للزوجة أو للأولاد أثناء قيام الزوجية أو بعد الفرقة، أو لمن تجب نفقته عليهم من الأولياء وغيرهم.,يلزم الفصل بين النفقة الماضية والمستمرة في دعوتين مستقلتين.; لا يقبل الطلب من القاصر عقلًا أو ممن لم يتم سن 18 سنة بالأصالة عن نفسه في الدعاوى المالية.; لا يقبل طلب تقدير النفقة ممن تجب عليه النفقة.; لا يقبل طلب نفقة مستمرة إذا أُقيمت من الابنة المتزوجة على والدها، حيث إن نفقتها تجب على زوجها.; لا تقبل المطالبة بالنفقة المستمرة للجنين قبل ولادته وللحامل المطالبة بنفقة الحمل.; لا يقبل الطلب إذا كان الزواج مخالفًا للائحة زواج السعودي بغير سعودية والسعودية بغير سعودي، حيث يلزم تصحيح وضع الزواج من خلال الجهات المختصة أولًا، ثم التقدم بالطلب.,
أحوال شخصية,دعاوى الزواج والفرقة,هي الدعاوى المتعلقة بإثبات الزواج والطلاق وفسخ عقد الزواج والرجعة والمهر وعفش الزوجية.,,
أحوال شخصية,دعاوى الزواج والفرقة - إثبات المراجعة,هي دعوى تقام من الزوجة أو الزوج أو ورثتهم لإثبات الرجعة بعد الطلاق.,لا تشمل دعوى إثبات المراجعة طلب (عودة الزوجة لبيت الزوجية).; لا يقبل الطلب إذا كان الزواج مخالفًا للائحة زواج السعودي بغير سعودية والسعودية بغير سعودي، حيث يلزم تصحيح وضع الزواج من خلال الجهات المختصة أولًا، ثم التقدم بالطلب.; تقام الدعوى في حال وجود نزاع بين الطرفين على موضوع إثبات المراجعة، أما إذا لم يكن هناك نزاع حول الموضوع فيمكن التقدم بطلب توثيق رجعة.,
أحوال شخصية,دعاوى الزواج والفرقة - إثبات طلاق,هي دعوى تقام من الزوجة أو من ورثتها على الزوج أو ورثته لطلب إثبات الطلاق بعد وقوعه من الزوج.,لا يقبل الطلب في حال عدم وقوع الطلاق أو التلفظ به، ويلزم تعديل نوع الدعوى إلى (فسخ عقد الزواج).; لا تقبل الدعوى من الزوج، حيث يمكنه إثبات طلاقه بتقديم طلب توثيق طلاق.,
أحوال شخصية,دعاوى الزواج والفرقة - إثبات زواج,هي الدعاوى المقامة من أحد الزوجين أو ورثته ضد الآخر، أو من ولي الزوجة القاصر سنًا لإثبات الزواج غير الموثق لدى جهة رسمية.,إذا كان أحد الزوجين سعودي والآخر غير سعودي، فيلزم موافقة الجهة المختصة قبل تقديم الطلب.; يمكن إقامة الدعوى على ورثة الزوج بعد وفاته.; تُقام الدعوى في حال وجود نزاع بين الطرفين في إثبات الزواج، أما إذا لم يكن هناك نزاع حول الموضوع فيمكن التقدم بطلب توثيق الزواج.,
أحوال شخصية,دعاوى الزواج والفرقة - مهر,هي دعوى تقام للمطالبة بالمهر أو جزء منه.,تشمل المطالبة بالمهر أو المؤخر نقدًا كان أو عينًا.; لا يقبل الطلب إذا كان الزواج مخالفًا للائحة زواج السعودي بغير سعودية والسعودية بغير سعودي، حيث يلزم تصحيح وضع الزواج من خلال الجهات المختصة أولًا، ثم التقدم بالطلب.,
أحوال شخصية,دعاوى الزواج والفرقة - عفش الزوجية,دعوى في منازعات المطالبة بعفش الزوجية.,يقبل الطلب إذا كان من ضمن الطلبات المطالبة بمستندات زوجية، أما إذا كانت المطالبة بالمستندات الزوجية فقط فيلزم تغيير نوع الدعوى لـ (مطالبة بمستندات).; لا تشمل دعوى عفش الزوجية طلب استرداد الدين من الزوج أو المسروقات، حيث إن تلك الطلبات خارجة عن اختصاص الأحوال الشخصية.; تشمل دعوى عفش الزوجية المطالبة بقيمة العفش وذلك في حال تم التخلص من العفش من قبل المدعى عليه سواء ببيعه أو إتلافه.; لا يقبل الطلب إذا كان الزواج مخالفًا للائحة زواج السعودي بغير سعودية والسعودية بغير سعودي، حيث يلزم تصحيح وضع الزواج من خلال الجهات المختصة أولًا، ثم التقدم بالطلب.,
أحوال شخصية,دعاوى الزواج والفرقة - فسخ عقد زواج,هي دعوى تقام من أحد الزوجين ضد الآخر لفسخ عقد الزواج لعيب في الآخر.,لا يقبل الطلب من الزوجة إذا طلقها الزوج ولم يراجعها، ويُمكن تغيير نوع الدعوى إلى (إثبات طلاق).; لا يقبل الطلب إذا قُدم من الزوجة واشتمل على طلب تسليم المهر أو المؤخر، حيث يلزم تغيير نوع الدعوى لـ (مهر).; يقبل الطلب من الزوج بشرط أن يصرح برغبته بفسخ عقد الزواج بسبب عذر شرعي، أما إذا كان طلبه استرداد المهر أو رد تكاليف الزواج فقط دون طلب الفسخ فلا يقبل ويلزم تغيير نوع الدعوى إلى (مهر). ولو صرح برغبته بتطليق زوجته بدون أي مطالبة فيوجه لخدمات التوثيق لتوثيق الطلاق.,
أحوال شخصية,دعاوى الولاية,هي دعوى تقام ضد الولي أو من تربطه به قرابة بطلب حق مشروع كالتزويج وإثبات النسب، أو لحفظ مال كالحجر ومحاسبة أو عزل الولي، أو لانتفاء موجبه كرفع الحجر ونفي النسب.,,
أحوال شخصية,دعاوى الولاية - إثبات نسب أو نفيه,الدعوى المقامة من المدعي ضد أحد قرابته لإثباته نسبه، أو ضد من أُلحق به نسبه بطلب نفيه؛ لانتفاء موجبه.,تشمل دعوى إثبات /نفي نسب المقامة من الزوجة ضد زوج أو زوج سابق لإثبات نسب الأولاد، أو العكس.; تشمل دعوى إثبات نسب المقامة من الأولاد ضد أحد الأبوين أو الأقارب.; لا يقبل الطلب إذا كان الزواج مخالفًا للائحة زواج السعودي بغير سعودية والسعودية بغير سعودي، حيث يلزم تصحيح وضع الزواج من خلال الجهات المختصة أولًا، ثم التقدم بالطلب.,
أحوال شخصية,دعاوى الولاية - حجر أو رفعه,الدعوى المقامة ممن له مصلحة ضد من به سفه أو عته، بطلب منعه من التصرفات المالية، أو طلب المحجور عليه رفع ذلك لانتفاء موجبه.,,
أحوال شخصية,دعاوى الولاية - عزل ولي,الدعوى المقامة ضد الولي على القاصر سناً أو عقلأ بتنحيته عن الولاية لموجب شرعي.,تقدم الدعوى لطلب عزل الولي من الهيئة العامة للولاية على أموال القاصرين ومن في حكمهم، باستثناء إذا كانت; الهيئة العامة للولاية على أموال القاصرين ومن في حكمهم هي الولي على القاصر فتقدم الدعوى ممن له الصفة في طلب عزلها.,
أحوال شخصية,دعاوى الولاية - عضل,دعوى مقامة من المرأة -أو من له مصلحة- ضد وليها الذي امتنع عن تزويجها من كفئها، بطلب إثبات العضل، ونقل ولاية التزويج.,يقبل طلب دعوى العضل إذا تقدمت بها المرأة، أو من له مصلحة في الدعوى كوالدتها أو إخوتها ولو مع عدم وجود الخاطب بناءً على التعميم القضائي الصادر من المجلس الأعلى للقضاء برقم 1410/ت وتاريخ 21/04/1441هـ بشأن قواعد دعوى العضل.; يقبل الطلب إذا كانت الدعوى المقدمة من أكثر من امرأة إذا كان الولي واحدًا.,
أحوال شخصية,دعاوى الولاية - محاسبة ولي,هي دعوى تقام ضد الولي على القاصر سنًا أو عقلًا لطلب محاسبته على التصرفات المالية التي قام بها بموجب صك الولاية.,,
أحوال شخصية,دعاوى قسمة التركات,الدعاوى المقامة من أحد الورثة أو أكثر ضد البقية بطلب تسليم النصيب الشرعي من تركة المورث، سواء كان عقاراً، أو منقولاً، أو أثماناً، أو نقداً، أو أسهم. أو طلب محاسبة الوارث المتصرف في التركة بموجب وكالة.,,
أحوال شخصية,دعاوى قسمة التركات - دعوى قسمة تركة أكثر من خمسين مليون ريال,هي دعوى تقام من أحد الورثة أو أكثر ضد البقية بطلب تسليم النصيب الشرعي من تركة المورث التي تزيد عن خمسين مليون ريال، سواء كان عقار، أو منقول، أو أثمان، أو نقد، أو أسهم، أو طلب الإفصاح عنها.,نظر الدعاوى الكبيرة (التي تزيد قيمة المطالبة فيها عن 50 مليون ريال) محصور في محاكم المدن التالية (الرياض - المدينة المنورة - الدمام - أبها - جدة). وتكون تبعية بقية المحاكم في الدعاوى الكبيرة على النحو الاتي: محاكم منطقة القصيم تتبع محاكم مدينة الرياض.; يلزم إضافة جميع الورثة في أطراف الدعوى حسب صك حصر الورثة، وإضافة الولي على القاصر في أطراف الدعوى (إذا كان هناك قاصر مدعي)، وإن كان من بينهم متوفى، فيلزم إضافة ورثته.,
أحوال شخصية,دعاوى قسمة التركات - قسمة تركة عقارية,هي دعوى تقام من أحد الورثة أو أكثر ضد البقية بطلب تسليم النصيب الشرعي من عقار المورث، أو طلب الإفصاح عنها.,لا يقبل الجمع بين قسمة تركة عقارية ومالية في طلب واحد.; لا يقبل الجمع بين طلب إلزام المدعى عليه بالإفصاح عن التركة وطلب القسمة.; يلزم إضافة جميع الورثة في أطراف الدعوى حسب صك حصر الورثة، وإضافة الولي على القاصر في أطراف الدعوى (إذا كان هناك قاصر مدعي)، وإن كان من بينهم متوفى فلا يضاف في أطراف الدعوى، بل يلزم إضافة ورثته.; يشترط أن يكون صك العقار محدث، وُيمكنكم تحديث صك العقار إلكترونيًا من خلال خدمة (تحديث وتعديل صك عقاري).,
أحوال شخصية,دعاوى قسمة التركات - قسمة تركة مالية,هي دعوى تقام من أحد الورثة أو أكثر ضد البقية بطلب تسليم النصيب الشرعي من تركة المورث المالية: النقد، أو الأسهم، أو الأثمان، أو المنقول، أو طلب الإفصاح عنها.,يلزم إضافة جميع الورثة في أطراف الدعوى حسب صك حصر الورثة وإضافة الولي على القاصر في أطراف الدعوى (إذا كان هناك قاصر مدعي)، وإن كان من بينهم متوفى، فيلزم إضافة ورثته.; لا يقبل الجمع بين قسمة تركة عقارية ومالية في طلب واحد.; لا يقبل الجمع بين طلب الإفصاح عن التركة وطلب القسمة.,
أحوال شخصية,دعاوى قسمة التركات - محاسبة في تركة,الدعاوى المقامة من أحد الورثة أو أكثر ضد الوارث المتصرف في التركة، أو المصفي، أو الحارس القضائي، بطلب الإفصاح أو تسليم نصيبه من التركة، أو إخلاله بما تصرف به.,,
تجاري,,هي الدعاوى المقامة على التاجر الناشئة عن عمل تجاري، أو نزاع الشركاء، أو الناشئة عن الأنظمة التجارية,المنازعات التي تنشأ بين التجار بسبب أعمالهم التجارية الأصلية أو التبعية.; الدعاوى المقامة على التاجر في منازعات العقود التجارية، متى كانت قيمة المطالبة الأصلية في الدعوى تزيد على خمسمائة ألف ريال.; منازعات الشركاء في شركة المضاربة.; الدعاوى والمخالفات الناشئة عن تطبيق أحكام نظام الشركات.; الدعاوى والمخالفات الناشئة عن تطبيق أحكام نظام الإفلاس.; الدعاوى والمخالفات الناشئة عن تطبيق أنظمة الملكية الفكرية.; الدعاوى والمخالفات الناشئة عن تطبيق الأنظمة التجارية الأخرى.; الدعاوى والطلبات المتعلقة بالحارس القضائي والأمين والمصفي والخبير المعينين ونحوهم؛ متى كان النزاع متعلقاً بدعوى تختص بنظرها المحكمة.; دعاوى التعويض عن الأضرار الناشئة عن دعوى سبق نظرها من المحكمة.,طلبات الإفلاس تقدم من خلال تبويب الإفلاس في بوابة ناجز فيما يتعلق بالطلبات التي تختص بها المحكمة التجارية في الدمام، أما بقية المحاكم فيتم تقديم الطلب من خلال بوابة القضاء التجاري(https://commportal.moj.gov.sa/Eservices/Tasks/Pages/Login.aspx).
تجاري,الاستئناف,الدعوى التي ترفع للاستئناف مباشرة مثل دعاوى التحكيم التجاري.,,
تجاري,الاستئناف - التحكيم (تجاري),دعوى في منازعات التحكيم التجارية.,مثل طلب تعيين محكم أو رده، طلب إصدار أمر بتنفيذ حكم تحكيمي، طلب الحكم ببطلان حكم تحكيمي، انتهاء مدة إجراءات التحكيم.,فيما هو من اختصاص المحكمة التجارية
تجاري,الأنظمة التجارية,الدعاوى والمخالفات الناشئة عن تطبيق أحكام الأنظمة التجارية.,,
تجاري,الأنظمة التجارية - الاستثمار الأجنبي,الدعاوى والمخالفات الناشئة عن تطبيق أحكام نظام الاستثمار الأجنبي.,مثل: دعاوى التعويض عن الضرر الناتج عن ارتكاب إحدى المخالفات الواردة في النظام، ودعاوى إثبات المخالفات وإيقاع العقوبات عليها.، ودعاوى الاعتراض على القرارات الصادرة من جهة الإدارة المختصة لدى وزارة الاستثمار,
تجاري,الأنظمة التجارية - البيانات التجارية,الدعاوى والمخالفات الناشئة عن تطبيق أحكام نظام البيانات التجارية,مثل: وضع بيانات تجارية غير صحيحة أو غير مطابقة للواقع على البضائع أو المنتجات أو المستوردات,
تجاري,الأنظمة التجارية - التجارة البحرية,الدعاوى والمخالفات الناشئة عن تطبيق النظام البحري التجاري.,مثل: الاستيراد والتصدير، بناء السفن وإيجارها، وبيعها، والتزامات وكلاء النقل والشحن، دعوى تأخر التوريد واختلاف المواصفات، وهلاك البضاعة والتأمين البحري.,
تجاري,الأنظمة التجارية - الامتياز التجاري,الدعاوى والمخالفات الناشئة عن تطبيق أحكام نظام الامتياز التجاري.,,
تجاري,الأنظمة التجارية - الرهن التجاري,الدعاوى والمخالفات الناشئة عن تطبيق أحكام نظام الرهن التجاري.,مثل: إثبات المال المرهون واستعادته، وريعه وأرباحه، وحقوق استثماره، هلاك المرهون، التنفيذ على المال المرهون، الأموال القابلة للارتهان,
تجاري,الأنظمة التجارية - السجل التجاري,الدعاوى والمخالفات الناشئة عن تطبيق أحكام نظام السجل التجاري,,
تجاري,الأنظمة التجارية - مكافحة الغش التجاري,الدعاوى والمخالفات الناشئة عن تطبيق أحكام نظام مكافحة الغش التجاري.,مثل: الطلب المقدم من المدين للمطالبة بعدم استحقاق الورقة التجارية أو طلب تسليمها. للإلزام بقيمة الورقة التجارية السارية يرجى رفع طلب تنفيذ من خلال البوابة الإلكترونية: (https://najiz.moj.gov.sa/Home/More/),
تجاري,الأنظمة التجارية - الأوراق التجارية,الدعاوى المتعلقة بالحق الخاص الناشئة عن تطبيق أحكام نظام الأوراق التجارية (شيك – كمبيالة - سند لأمر).,,
تجاري,الأنظمة التجارية - المنافسة غير المشروعة,الدعاوى والمخالفات الناشئة عن تطبيق أحكام نظام المنافسة غير المشروعة.,مثل: دعاوى التعويض عن الضرر الناتج عن ارتكاب إحدى المخالفات الواردة في النظام، ودعاوى إثبات المخالفات وإيقاع العقوبات عليها.,
تجاري,الأنظمة التجارية - الوكالات التجارية,الدعاوى والمخالفات الناشئة عن تطبيق أحكام نظام الوكالات التجارية.,,
تجاري,الأنظمة التجارية - الأسماء التجارية,المنازعات الناشئة عن تطبيق أحكام نظام الأسماء التجارية,,عدا المنازعات الإدارية
تجاري,الأنظمة التجارية - حماية الأسرار التجارية,المنازعات الناشئة عن تطبيق أحكام لائحة حماية المعلومات التجارية السرية.,,عدا المنازعات الإدارية
تجاري,الشركات,دعوى في النزاعات التي تقع بين الشركاء في عقود المشاركة، أو النزاعات المتفرعة عن تطبيق نظام الشركات.,,
تجاري,الشركات - شركات المضاربة,شركة المضاربة: الشركة المنعقدة على أن يكون رأس المال من طرف والعمل من الآخر لاشتراك الجميع في الربح الحاصل.,مثال: تصرفات الشريك كالتعدي والتفريط، وضمان رأس المال، وتسليم الأرباح، وفسخ الشراكة، والمحاسبة، ونحو ذلك.,لا تشمل المطالبة إذا كان محل الشراكة عقار معين، أو كان محلها المتاجرة بالأسهم المدرجة في الأسواق المالية.
تجاري,الشركات - الشركات النظامية,الدعاوى والمخالفات الناشئة عن تطبيق نظام الشركات,مثال: عزل المدير، تصفية الشركة، دفع الأرباح، دعوى المسؤولية، ودعوى البطلان، ونحو ذلك.,
تجاري,الشركات - عقد الشركة,الشركة عقد يسهم بمقتضاه شريكان أو أكثر بتقديم حصة من مال أو عمل أو منهما معاً في مشروع لاقتسام ما ينشأ عنه من ربح أو خسارة.,,
تجاري,الطلبات القضائية,المسائل المستعجلة التي يخشى فواتها، وأتعاب التقاضي، والضرر عن أعمال تجارية بين التجار.,المتعلقة بالدعاوى التي تختص بنظرها المحاكم التجارية.,
تجاري,الطلبات القضائية - أتعاب محاماة أو وكلاء,المطالبة بأتعاب محاماة أو ترافع أو استرجاعها، تقام من المحامي أو الوكيل ضد موكله أو العكس بناء على اتفاق بين الطرفين، سواء كان الاتفاق قبل تقديم الدعوى أو الطلب قضائي أو بعدهما.,دعوى أتعاب المحاماة تنظر من نفس الدائرة التي نظرت الدعوى الأصلية ويجب اختيار مدينة وعنوان المدعى عليه في نفس مدينة المحكمة التي نظرت الدعوى الأصلية، أو سيتم تعديل المحكمة عند عملية الربط بشكل آلي من النظام عن الإحالة للدائرة المختصة.,تنبيه: هذه الدعوى قد تكون من الموكل أو الوكيل.
تجاري,الطلبات القضائية - دعوى الضرر بين التجار بسبب المسؤولية التقصيرية,دعوى الضرر المقامة من تاجر ضد التاجر بسبب أعماله التجارية الأصلية أو التبعية الناشئة عن مسؤوليته التقصيرية غير المتعلقة بالعقود المبرمة بينهما,,فيما عدا الدعاوى المتعلقة بالعقار والدعاوى الناشئة عن حوادث السير الداخلة في المادة (31) من نظام المرافعات الشرعية.
تجاري,الطلبات القضائية - المعينين في القضايا التجارية,كل دعوى أو طلب متعلق بأعوان القضاة المعينين بقرار أو حكم صادر من دائرة تجارية.,مثل الحارس القضائي، الخبير، المصفي، محكم، أمين تفليسة، أمين تنظيم، مقيّم.,باستثناء المعينين في قضايا التحكيم.
تجاري,الطلبات القضائية - أوامر الأداء,طلب يقدم من الدائن لإصدار أمر بأداء دين‌ حال الأداء، ثابت بالكتابة، معين المقدار إذا كان نقدا، أو معين بالنوع والمقدار إذا كان منقولا معينا، أو معينا بذاته تعيينا نافيا للجهالة.,,
تجاري,الطلبات القضائية - التعويض عن مصاريف التقاضي.,المطالبة بمصاريف محددة خُسرت في التقاضي؛ كأتعاب الترافع، وأتعاب الخبرة، والترجمة، والسفر، والسكن، ونحو ذلك.,,
تجاري,الطلبات القضائية - التظلم على أمر الأداء.,التظلم على أمر الأداء.,,
تجاري,العقود التجارية,هي الدعاوى المقامة على التاجر الناشئة عن عقد تجاري سواء كان عقد مكتوب أو غير مكتوب.س,,لا تشمل الدعاوى المقامة من فرد (لا يحمل الصفة التجارية) على تاجر إذا كانت قيمة المطالبة 500 ألف أو أقل.; لا تشمل الدعاوى المقامة من الشركات أو المؤسسات ذات النشاط المهني على تاجر إذا كانت قيمة المطالبة 500 ألف أو أقل.
تجاري,العقود التجارية - إجارة,هي الدعاوى المقامة بين التجار عن أعمالهم التجارية المتعلقة بالإجارة أو على التاجر الناشئة عن عقد إجارة تجاري تزيد قيمة المنازعة الأصلية عن خمس مئة ألف سواء كان عقد مكتوب أو غير مكتوب.,مثل: إجارة المعدات، والسيارات، والسقالات، ونحوها.,لا يشمل إجارة العقارات أو الأراضي المعينة.; لا يشمل التأجير التمويلي (الجهات المرخصة).
تجاري,العقود التجارية - الحوالة التجارية,هي الدعاوى المقامة بين التجار عن أعمالهم التجارية المتعلقة بالنزاعات الناشئة عن عقد الحوالة الذي بموجبه يتم نقل الدين من ذمة شخص إلى آخر أو على التاجر الناشئة عن الحوالة التجارية تزيد قيمة المنازعة الأصلية عن خمس مئة ألف سواء كان عقد مكتوب أو غير مكتوب,لا يقصد بها الحوالة البنكية,
تجاري,العقود التجارية - الدعاية والإعلان والتسويق,هي الدعاوى المقامة بين التجار عن أعمالهم التجارية المتعلقة بالدعاية والإعلان والتسويق أو على التاجر الناشئة عن عقد دعاية وإعلان وتسويق تجاري تزيد قيمة المنازعة الأصلية عن خمس مئة ألف سواء كان عقد مكتوب أو غير مكتوب.,,
تجاري,العقود التجارية - الكفالة التجارية,هي الدعاوى المقامة بين التجار عن أعمالهم التجارية المتعلقة بالنزاعات الناشئة عن كفالته لشخص بسبب أعماله التجارية أو على التاجر الناشئة عن الكفالة التجارية تزيد قيمة المنازعة الأصلية عن خمس مئة ألف سواء كان عقد مكتوب أو غير مكتوب.,,
تجاري,العقود التجارية - المقاولات,هي الدعاوى المقامة بين التجار عن أعمالهم التجارية المتعلقة بالنزاعات الناشئة عن نشاط المقاولة أو على التاجر الناشئة عن عقد المقاولة إذا زادت قيمة المنازعة الأصلية عن خمس مئة ألف سواء كان عقد مكتوب أو غير مكتوب,مثال: مقاولات إنشاء المباني كالبناء والترميم وإنشاء الجسور والأنفاق والهدم والحفر، ومقاولة التشغيل، ومقاولة الصيانة، ومقاولة التصنيع، ونحو ذلك.,
تجاري,العقود التجارية - المكاتب والمحلات التجارية,هي الدعاوى المقامة بين التجار عن أعمالهم التجارية المتعلقة بأنشطة المكاتب والمحلات التجارية أو على التاجر الناشئة عن عقود المكاتب والمحلات التجارية تزيد قيمة المنازعة الأصلية عن خمس مئة ألف سواء كان عقد مكتوب أو غير مكتوب.,,لا تشمل بيع أو تأجير العقارات.
تجاري,العقود التجارية - النقل,هي الدعاوى المقامة بين التجار عن أعمالهم التجارية المتعلقة بعقود النقل أو على التاجر الناشئة عن عقد نقل تجاري تزيد قيمة المنازعة الأصلية عن خمس مئة ألف سواء كان عقد مكتوب أو غير مكتوب. التي يتعهد بمقتضاها الناقل بنقل بضاعة أو أشخاص من نقطة لأخرى سواءً كان النقل براً أو جواً مقابل أجر,,لا يشمل النزاع في عقد النقل البحري، حيث إنه يقدم في تصنيف الدعوى الفرعي: الأنظمة التجارية - التجارة البحرية.
تجاري,العقود التجارية - بيع وتوريد,هي الدعاوى المقامة بين التجار عن أعمالهم التجارية المتعلقة بالبيع والتوريد أو على التاجر الناشئة عن عقد بيع أو توريد تجاري تزيد قيمة المنازعة الأصلية عن خمس مئة ألف سواء كان عقد مكتوب أو غير مكتوب سواء كان التعاقد لمرة واحدة أو على سبيل التكرار.,,لا يشمل بيع العقارات أو الأراضي المعينة.
تجاري,العقود التجارية - سمسرة,هي الدعاوى المقامة بين التجار عن أعمالهم التجارية المتعلقة بالسمسرة أو على التاجر الناشئة عن عقد سمسرة تجاري تزيد قيمة المنازعة الأصلية عن خمس مئة ألف سواء كان عقد مكتوب أو غير مكتوب,يشمل الدعاوى المرفوعة على السمسار بصفته تاجرًا (إذا كان ممتهنًا للسمسرة).,
تجاري,الملكية الفكرية,الدعاوى المتعلقة بالملكية الفكرية.,,
تجاري,الملكية الفكرية - حماية حقوق المؤلف,المنازعات الناشئة عن تطبيق أحكام نظام حماية حقوق المؤلف.,,
تجاري,الملكية الفكرية - براءات الاختراع,المنازعات الناشئة عن تطبيق أحكام نظام براءات الاختراع والتصميمات التخطيطية للدارات المتكاملة والأصناف النباتية والنماذج الصناعية.,,
تجاري,الملكية الفكرية - العلامات التجارية,المنازعات الناشئة عن تطبيق أحكام نظام العلامات التجارية.,,
تجاري,الدعاوى المستعجلـة,الدعاوى المستعجلـة التي تختص بها المحكمة التجارية.,,
تجاري,الدعاوى المستعجلـة - حجز تحفظي,حجز تحفظي,,
تجاري,الدعاوى المستعجلـة - حراسة قضائية,دعوى للمطالبة بوضع الأموال المتنازع عليها تحت يد من يتكفل بحفظ المال وإدارته في المنازعات التي تختص بها المحكمة التجارية,,
تجاري,الدعاوى المستعجلـة - منع من السفر,دعوى للمطالبة بمنع المدعى عليه من السفر إذا قامت أسباب تدعو إلى الظن أن سفر المدعى عليه أمر متوقع، وبأنه يعرض حق المدعي للــخطر أو يؤخر أداءه في المنازعات التي تختص بها المحكمة التجارية,إذا كان بين الأطراف دعوى قائمة فيرفع المدعي طلب عارض للمنع من السفر.; إذا كان طلب المنع من السفر بعد صدور الحكم، فتختص به محكمة التنفيذ.,
تجاري,الدعاوى المستعجلـة - وقف الأعمال الجديدة,دعوى للمطالبة بوقف أعمال جديدة شرع فيها المدعى عليه من شأنها الإضرار بالمدعي في المنازعات التي تختص بها المحكمة التجارية.,تشمل ما تختص المحكمة التجارية بنظره.; تقام كدعوى مستعجلة قبل الانتهاء من الأعمال.,
تجاري,الدعاوى المستعجلـة - معاينة لإثبات الحالة,دعوى من صاحب مصلحة ولو محتملة لإثبات معالم واقعة يحتمل أن تصبح محل نزاع أمام القضاء مستقبلا في مواجهة الخصم في المنازعات التي تختص بها المحكمة التجارية.,,
تجاري,الدعاوى المستعجلـة - وقف تنفيذ,المطالبة بوقف تنفيذ القرارات الصادرة من محاكم التنفيذ.,,
تجاري,الدعاوى المستعجلـة - الحصول على عينة من منتج,دعوى للمطالبة بالحصول على عينة من منتج.,,
تجاري,الدعاوى المستعجلـة - التحفظ على مستندات معينة,التحفظ على مستندات معينة,,
تجاري,الدعاوى المستعجلـة - المنع من التصرف,المنع من التصرف.,,
تجاري,الدعاوى المستعجلـة - الإذن في التصرف,الإذن في التصرف.,,
تجاري,الدعاوى المستعجلـة - طلبات عاجلة أخرى,طلبات عاجلة أخرى (وفق المادة 36 من نظام المحاكم التجارية),,
تجاري,الدعاوى المستعجلـة - إثبات شهادة,دعوى إثبات شهادة يخشى فواتها,دعوى من صاحب مصلحة ولو محتملة لإثبات شهادة يخشى فواتها، ويحتمل أن تصبح محل نزاع أمام القضاء مستقبلا في مواجهة الخصم في المنازعات التي تختص بها المحكمة التجارية.,
تنفيذ,,الدعاوى التي تنشأ بسبب التنفيذ، وتتعلق بتوافر شروط صحته، ويبديها أطراف الخصومة أو غيرهم.,,
تنفيذ,الامتناع عن قبول السند,معارضة يتقدم بها طالب التنفيذ للمنازعة في امتناع الدائرة عن تنفيذ السند التنفيذي.,,
تنفيذ,الامتناع عن قبول السند - الامتناع,معارضة يتقدم بها طالب التنفيذ للمنازعة في امتناع الدائرة عن تنفيذ السند التنفيذي.,,
تنفيذ,دعوى الإعسار أو الملاءة,دعاوى الإعسار المقامة من المنفذ ضده في مواجهة طالبي التنفيذ يدعي فيها عدم القدرة على السداد، ودعاوى الملاءة مقامة من طالب التنفيذ بعد ثبوت الإعسار لإثبات وجود أموال للمنفذ ضده وطلبه التنفيذ عليها.,,
تنفيذ,دعوى الإعسار أو الملاءة - دعوى الإعسار,دعوى مقامة من المنفذ ضده في مواجهة طالبي التنفيذ لإثبات عدم القدرة على السداد.,,
تنفيذ,دعوى الإعسار أو الملاءة - الملاءة,دعوى يقيمها طالب التنفيذ في مواجهة المنفذ ضده بعد ثبوت إعساره لإثبات ملاءته وقدرته على السداد ولو جزئيا,,
تنفيذ,منازعات شكلية,دعوى يقدمها المنفذ ضده في مواجهة طالب التنفيذ لإبطال السند التنفيذي لعيب في الشكل كالتزوير وإنكار التوقيع وفقد الشروط الشكلية للسند التنفيذي.,,
تنفيذ,منازعات شكلية - عدم توفر شرط شكلي للسند أو تزويره أو إنكار التوقيع,دعوى يقيمها المنفذ ضده لإبطال السند التنفيذي لعيب في الشروط الشكلية للسند أو تزويرها حسب نوع السند أو إنكار التوقيع عليه.,,
تنفيذ,منازعات شكلية - عدم الصفة,دعوى يقيمها المنفذ ضده لوقف التنفيذ لعدم صفته أو لعدم صفة طالب التنفيذ.,,
تنفيذ,منازعات غير شكلية,دعوى يقدمها المنفذ ضده في مواجهة طالب التنفيذ لإبطال السند التنفيذي لعيب في الشكل كالتزوير وإنكار التوقيع وفقد الشروط الشكلية للسند التنفيذي.,,
تنفيذ,منازعات غير شكلية - الإبراء بعد صدور السند التنفيذي,دعوى يقيمها المنفذ ضده لطلب إثبات التنازل الصادر من طالب التنفيذ بعد صدور السند التنفيذي.,,
تنفيذ,منازعات غير شكلية - التأجيل بعد صدور السند التنفيذي,دعوى يقيمها المنفذ ضده في مواجهة طالب التنفيذ لطلب إثبات تأجيل الحق في السند التنفيذي.,,
تنفيذ,منازعات غير شكلية - الحوالة بعد صدور السند التنفيذي,دعوى يقيمها المنفذ ضده في مواجهة طالب التنفيذ لطلب إثبات إحالة طالب التنفيذ على طرف ثالث فيما يتعلق بالحق محل التنفيذ.,,
تنفيذ,منازعات غير شكلية - الصلح بعد صدور السند التنفيذي,دعوى يقيمها المنفذ ضده لطلب إثبات صلح صدر بينه وبين طالب التنفيذ بعد صدور السند التنفيذي.,,
تنفيذ,منازعات غير شكلية - المال المحجوز يفوق مقدار الدين المطالب به,دعوى يقيمها المنفذ ضده في مواجهة طالب التنفيذ لطلب إثبات أن المال المحجوز يفوق الدين الذي عليه ورفع الحجز عن الزائد,,
تنفيذ,منازعات غير شكلية - المقاصة بموجب سند تنفيذي,دعوى يقيمها المنفذ ضده في مواجهة طالب التنفيذ لطلب خصم مبلغ المطالبة التي بينهما من مبلغ آخر ثابت له بسند تنفيذي على طالب التنفيذ,,
تنفيذ,منازعات غير شكلية - الوفاء بعد صدور السند التنفيذي,دعوى يقيمها المنفذ ضده لإثبات وفاء مبلغ المطالبة أو جزء منه بعد صدور السند التنفيذي,,
تنفيذ,منازعات غير شكلية - امتناع شاغل العقار عن الاخلاء لحمله سند تنفيذي,دعوى يقيمها شاغل العقار في مواجهة طالب التنفيذ يمتنع فيها عن إخلاء العقار الصادر بشأنه أمر قضائي بالإخلاء في غير مواجهته لحمله سندا تنفيذيا يتيح له البقاء في العقار محل الإخلاء,,
تنفيذ,منازعات غير شكلية - تواطؤ أثناء المزاد أو التأثير على سعر المزاد,دعوى يتقدم بها طالب التنفيذ أو المنفذ ضده أو غيرهما لطلب إثبات التواطؤ أثناء المزاد أو التأثير على سعره,,
تنفيذ,منازعات غير شكلية - رد ما استوفي خطأ,دعوى يقيمها المنفذ ضده لطلب إعادة ما استوفي خطأ,,لا يشمل ذلك الإيداعات الواردة لحساب المحكمة بالخطأ
تنفيذ,منازعات غير شكلية - صحة تقرير المحجوز لديه بما في ذمته,دعوى يقيمها المنفذ ضده لطلب النظر في صحة تقرير المحجوز لديه بما في ذمته,,
تنفيذ,منازعات غير شكلية - عيب في العين المباعة,دعوى يقيمها مشتري العين المباعة عن طريق المحكمة ويدعي وجود عيب فيها.,,
تنفيذ,منازعات غير شكلية - دعوى التعويض,دعوى للمطالبة بالتعويض عن الأضرار الناشئة عن التنفيذ,لا يشمل أتعاب المحاماة التي تقام بين المحامي وطالب التنفيذ ولا أضرار التقاضي لوجود تصنيف خاص بها.,
تنفيذ,منازعات غير شكلية - المنازعة في أجرة الحارس القضائي أو محاسبته أو استبداله,دعوى يقدمها أحد طرفي التنفيذ أو الحارس القضائي للمنازعة في أجرة الحارس القضائي أو استبداله أو محاسبته.,,
تنفيذ,منازعات غير شكلية - المحاصة,دعوى تقدم للمنازعة في إجراء المحاصة على مال المنفذ ضده لعدم كفايته لجميع الغرماء أو اختصاصه به,,
تنفيذ,منازعات غير شكلية - أتعاب المحاماة أو الوكلاء,المطالبة بأتعاب محاماة أو ترافع أو استرجاعها على إثر منازعة تنفيذية، تقام من المحامي أو الوكيل ضد موكله أو العكس,دعوى أتعاب المحاماة تنظر من نفس الدائرة التي نظرت الدعوى الأصلية ويجب اختيار مدينة وعنوان المدعى عليه في نفس مدينة المحكمة التي نظرت الدعوى الأصلية، أو سيتم تعديل المحكمة عند عملية الربط بشكل آلي من النظام عن الإحالة للدائرة المختصة,تنبيه: هذه الدعوى قد تكون من الموكل أو الوكيل
تنفيذ,منازعات غير شكلية - التعويض عن أضرار التقاضي,المطالبة بالتعويض عن الأضرار الناشئة عن التقاضي ومصروفات الدعوى,,
جزائية,,الدعاوى الناتجة عن ارتكاب أفعال جرمية أحدثت ضرراً للغير، والدعاوى المرتبطة بدعاوى أصلية تدخل في الاختصاص النوعي للمحاكم الجزائية.,الدعوى الجزائية الخاصة الناتجة عن ارتكاب جريمة أحدثت ضررًا للغير.; دعاوى القصاص والقذف.; المطالبات المالية المرتبطة بدعوى جزائية قائمة في الحق العام.; الطلبات القضائية المستعجلة، أو المرتبطة بدعاوى أصلية في المحكمة الجزائية.,
جزائية,الحق الخاص,الحق الذي ينشأ للمجني عليه من الجاني بعد ارتكابه لجرمٍ ما بحقه.,الحق الذي ينشأ للمجني عليه من الجاني بعد ارتكابه لجرمٍ ما بحقه.,
جزائية,الحق الخاص - المطالبة بالحق الخاص,المطالبة بالحق الخاص الناشئ عن ارتكاب جريمةٍ أحدثت ضرر للمجني عليه.,لا يشمل الحق الخاص الناشئ عن حادث مروري دون وجود شبهة جنائية.; لا يشمل طلب التعويض عن الحق الخاص، بعد صدور حكم نهائي في دعوى الحق العام.; لا يشمل طلب التعويض عن الحق الخاص في حال عدم وجود دعوى في الحق العام مرفوعة من النيابة العامة في المحكمة.; يشمل طلب التعويض عن الحق الخاص قبل صدور حكم نهائي في دعوى الحق العام.; يشترط أن ترفع دعوى المطالبة بالحق الخاص في نفس المحكمة المنظورة أمامها دعوى الحق العام إن وجدت.; ترفع الدعوى في محل إقامة المدعى عليه في حال عدم وجود دعوى في الحق العام مرفوعة من النيابة العامة في المحكمة.; يشمل طلب التعويض عن الدعوى الكيدية بعد صدور حكم نهائي للدعوى الأصلية.; يشترط أن ترفع الدعوى في نفس المحكمة المرفوعة أمامها الدعوى الأصلية إذا كانت المطالبة متعلقة بدعوى كيدية بعد صدور حكم نهائي للدعوى الأصلية.,
جزائية,الطلبات القضائية,الطلبات المرتبطة بالجنايات والتي تقدم لدى المحكمة سواءً قبل رفع الدعاوى الجزائية أو أثناء نظرها أو بعد الحكم فيها.,,
جزائية,الطلبات القضائية - منع من السفر,دعوى مستعجلة للمطالبة بمنع المدعى عليه من السفر إذا قامت أسباب تدعو إلى الظن أن سفر المدعى عليه أمر متوقع، وبأنه يعرض حق المدعي للــخطر أو يؤخر أداءه.,يشترط أن يكون موضوع النزاع مما تختص به المحكمة الجزائية.; لا يشمل طلب المنع من السفر بعد صدور الحكم في الدعوى.; لا يشمل إلغاء أو رفع المنع من السفر.,
جزائية,الطلبات القضائية - إثبات تنازل,إنهاء جزائي يتعلق بإثبات تنازل المجني عليه أو ورثته عن القصاص أو حد القذف.,لا يشمل التنازل عن الجرائم الواردة في دعوى المطالبة بالحق الخاص عدا القصاص وحد القذف.,
جزائية,الطلبات القضائية - تسليم مضبوطات,دعوى في طلب تسليم مضبوطات خاصة محجوزة لدى جهات حكومية (جهات الضبط أو التحقيق).,لا يشمل طلب رد العين المسروقة المقدم ضد الأفراد، وإن كانت المطالبة متعلقة بذلك فيمكن التقدم بدعوى رد العين.; لا يشمل تسليم المضبوطات إذا لم ترفع دعوى جزائية في المحكمة متعلقة بالمضبوطات.; يشترط أن ترفع الدعوى في نفس المحكمة المنظورة أمامها الدعوى الأصلية.,
جزائية,الطلبات القضائية - المعاينة لإثبات الحالة,دعوى من صاحب مصلحة ولو محتملة لإثبات حالة يخشى فواتها، ويحتمل أن تصبح محل نزاع أمام القضاء مستقبلا في مواجهة الخصم في المنازعات التي تختص بها المحكمة الجزائية.,,
جزائية,الطلبات القضائية - إثبات شهادة,دعوى من صاحب مصلحة ولو محتملة لإثبات شهادة يخشى فواتها، ويحتمل أن تصبح محل نزاع أمام القضاء مستقبلا في مواجهة الخصم في المنازعات التي تختص بها المحكمة الجزائية.,,
جزائية,الطلبات القضائية - التظلم من امر توقيف,التظلم من أمر توقيف.,,
جزائية,حدود,الدعاوى المطالب فيها بالعقوبات المقدرة شرعًا على أنواع من الجنايات.,,
جزائية,حدود - قذف,الرمي بالزنا أو اللواط تصريحاً أو كناية.,لا يشمل ألفاظ السب والشتم.; يشترط أن ترفع الدعوى في نفس المحكمة المنظورة أمامها دعوى الحق العام إن وجدت.; ترفع الدعوى في محل إقامة المدعى عليه في حال عدم وجود دعوى في الحق العام مرفوعة من النيابة العامة في المحكمة.,
جزائية,قصاص,الدعاوى المطالب فيها بمعاقبة الجاني بعقوبة من جنس جنايته، سواءً كانت المطالبة بالقصاص في النفس أو فيما دونه.,,
جزائية,قصاص - ما دون النفس,المطالبة بإتلاف عضو لدى الجاني على سبيل المماثلة بجنايته وذلك بقطعه أو إتلاف منفعته أو المقاصة بجرحه.,,
جزائية,قصاص - النفس,دعوى يقدمها أولياء الدم للمطالبة بقتل القاتل قصاصاً.,لا يشمل المطالبة بالقصاص عن الجرح والقطع والكسر والإتلاف وزوال المنفعة، وإن كانت المطالبة متعلقة بذلك فيُمكن التقدم بدعوى القصاص فيما دون النفس.; يشترط في الوكالة -إن وجدت- أن تخول الوكيل حق المطالبة بالقصاص واستيفائه.; يشترط أن ترفع الدعوى في نفس المحكمة المنظورة أمامها دعوى الحق العام إن وجدت.; ترفع الدعوى في محل إقامة المدعى عليه في حال عدم وجود دعوى في الحق العام مرفوعة من النيابة العامة في المحكمة.; يشترط أن تكون المطالبة مرفوعة من جميع أولياء الدم.,
جزائية,مطالبة مالية,الدعاوى التي يطالب فيها بالديات والأروش والحكومات وسائر التعويضات المالية الناشئة عن جرائم جنائية والمرتبطة بقضية في الحق العام أو قضية جزائية أصلية.,,
جزائية,مطالبة مالية - أتعاب محاماة أو وكلاء,المطالبة بأتعاب محاماة أو ترافع أو استرجاعها، تقام من المحامي أو الوكيل ضد موكله أو العكس بناء على اتفاق بين الطرفين، سواء كان الاتفاق قبل تقديم الدعوى أو الطلب القضائي أو بعدهما.,لا تشمل المطالبة بمصروفات التقاضي بين المدعي والمدعى عليه في الدعوى الأصلية، وإن كانت المطالبة متعلقة بذلك فيمكن التقدم بدعوى التعويض عن أضرار التقاضي.; يشترط أن ترفع الدعوى في نفس المحكمة المنظورة أمامها الدعوى الأصلية.,
جزائية,مطالبة مالية - أرش,المطالبة بعوض عن الجناية غير المقدر شرعاً قبل انقضاء الدعوى الجزائية العامة.,لا يشمل المطالبة بالأرش في حال عدم وجود دعوى في الحق العام مرفوعة من النيابة العامة في المحكمة.; لا يشمل المطالبة بالأرش بعد صدور حكم نهائي في دعوى الحق العام.; يشترط أن ترفع الدعوى في نفس المحكمة المنظورة أمامها دعوى الحق العام.,
جزائية,مطالبة مالية - التعويض عن السجن,المطالبة بالتعويض عن السجن أو المدة الزائدة في السجن عن المدة المحكوم بها في حال وجود دعوى جزائية مرفوعة في المحكمة.,لا يشمل التعويض عن السجن إذا لم ترفع دعوى جزائية لدى المحكمة.; يشترط أن ترفع الدعوى في نفس المحكمة المنظورة أمامها الدعوى الجزائية الأصلية.; يشترط أن ترفع الدعوى بعد اكتساب الحكم في القضية الأصلية الصفة النهائية.,
جزائية,مطالبة مالية - دية,دعوى في جرائم إتلاف النفس أو الأعضاء أو المنافع للمطالبة بديتها المقدرة شرعًا قبل انقضاء الدعوى الجزائية العامة.,لا يشمل المطالبة بالدية في حال عدم وجود دعوى في الحق العام مرفوعة من النيابة العامة في المحكمة.; لا يشمل المطالبة بالدية بعد صدور حكم نهائي في دعوى الحق العام.; لا يشمل دعوى المطالبة بالدية الناتجة عن حادث مروري.; يشترط أن ترفع الدعوى في نفس المحكمة المنظورة أمامها دعوى الحق العام.,
جزائية,مطالبة مالية - رد العين,المطالبة باسترداد عين أخذت بغير وجه حق قبل انقضاء الدعوى الجزائية العامة.,لا يشمل المطالبة برد العين في حال عدم وجود دعوى في الحق العام مرفوعة من النيابة العامة في المحكمة.; لا يشمل المطالبة برد العين بعد صدور حكم نهائي في دعوى الحق العام.; يشترط أن ترفع الدعوى في نفس المحكمة المنظورة أمامها دعوى الحق العام.,
جزائية,مطالبة مالية - التعويض عن أضرار التقاضي,المطالبة بالتعويض عن الأضرار الناشئة عن التقاضي ومصروفات الدعوى لدعوى سابقة منظورة أمام المحكمة الجزائية.,لا يشمل المطالبة بين الوكيل وموكله أو العكس في الدعوى الأصلية، وإن كانت المطالبة متعلقة بذلك فيمكن التقدم بدعوى أتعاب محاماة أو وكلاء.; يشترط أن ترفع الدعوى في نفس المحكمة المنظورة أمامها الدعوى الأصلية.; يشترط أن ترفع الدعوى بعد اكتساب الحكم في القضية الأصلية الصفة النهائية.; يشترط أن يكون الحكم في القضية الأصيلة لصالح طالب التعويض.,
عامة,,جميع الدعاوى والقضايا والإثباتات الخارجة عن اختصاص المحاكم الأخرى وديوان المظالم.,الدعاوى المتعلقة بالعقار، من المنازعة في الملكية، أو حق متصل به، أو دعوى الضرر من العقار نفسه أو من المنتفعين به، أو دعوى أقيام المنافع، أو الإخلاء، أو دفع الأجرة، أو المساهمة فيه، أو دعوى منع التعرض لحيازته أو استرداده، ونحو ذلك، ما لم ينص النظام على خلاف ذلك.; الدعاوى الناشئة عن حوادث السير وعن المخالفات المنصوص عليها في نظام المرور ولائحته التنفيذية,
عامة,أخرى - إثبات عقد,المطالبة بإثبات حصول عقد مبرم بين المدعي وبين المدعى عليه.,لا يشترط أن يكون العقد مكتوباً، فقد يكون اتفاقاً شفهياً.,
عامة,أخرى - المسؤولية الناشئة عن الفعل الضار,المطالبة برفع ضرر ممن له مصلحة في الدعوى أو تعويضٍ عنه.,لا تشمل المطالبة بأضرار التقاضي، ومصروفات الدعوى، وأتعاب المحاماة، والتلفيات في العقار الناشئة عن عقد الأجرة، والحوادث المرورية وآثارها، ونقل المخالفات المرورية، وإلغاء التفاويض، والتعزير، ورد الاعتبار.,
عامة,أخرى - رد العين,المطالبة برد عين منقولة -إن كانت موجودة-، أو تسليم مثلها -إن وجد لها مثل-، وإلا دفع قيمتها.,يشمل رد الوديعة - العارية - المسروق - المبيع - المغصوب,
عامة,أخرى - عقد استصناع,مطالبة في عقد على عمل معيَّن موصوف في الذمة، يتولى العامل فيه توفير المواد مع العمل بثمن معلوم يدفعه الطرف الآخر.,يشمل المطالبة بإتمام العمل المتفق عليه، أو تسليم الدفعات الحالة من الثمن، أو تسليم الثمن كاملًا، أو استلام العمل المتفق عليه، أو تسليم العين.,
عامة,أخرى - فسخ عقد أو بطلانه,مطالبة بفسخ عقد مبرم بين طرفين أو أكثر، أو إثبات انفساخه، أو بطلان العقد.,,
عامة,أخرى - قسمة منافع مهايأة,المطالبة بقسمة منفعة مشاعة في عين، لينتفع بها الشركاء مهايأةً زماناً أو مكاناً على صفة محددة.,يشمل المطالبة: بالإلزام بقسمة المنافع، أو بنفقة الأعيان المشتركة إذا كان الانتفاع القائم بها مهايأة، أو بتأجير المال المشترك لتعذر المهايأة,
عامة,أخرى - مطالبة بمستندات,المطالبة بتسليم مستندات ورقية، سواء كانت رسمية أو عادية.,تشمل المطالبة بالتسليم - وقف التنفيذ - إبطال السند - إثبات عدم الاستحقاق.; أن يكون موضوع السند نفسه من اختصاص المحكمة العامة,
عامة,الدعاوى المستعجلة,دعوى جعل النظام لها صفة الاستعجال لخشية فوات الوقت بدفع ضرر محدق أو الاستيثاق لحق يخشى زوال دليله عند النزاع فيه ولا يؤثر هذا الحكم على موضوع الدعوى.,,
عامة,الدعاوى المستعجلة - حراسة قضائية,دعوى للمطالبة بوضع الأموال المتنازع عليها تحت يد من يتكفل بحفظ المال وإدارته في المنازعات التي تختص بها المحكمة العامة.,,لا يشمل إذا كان النزاع متعلق بشركة، أو حصة في شركة ضمن تركة.
عامة,الدعاوى المستعجلة - منع من السفر,دعوى للمطالبة بمنع المدعى عليه من السفر إذا قامت أسباب تدعو إلى الظن أن سفر المدعى عليه أمر متوقع، وبأنه يعرض حق المدعي للــخطر أو يؤخر أداءه في المنازعات التي تختص بها المحكمة العامة.,إذا كان بين الأطراف دعوى قائمة فيرفع المدعي طلب عارض للمنع من السفر.; إذا كان طلب المنع من السفر بعد صدور الحكم، فتختص به محكمة التنفيذ.,
عامة,الدعاوى المستعجلة - وقف الأعمال الجديدة,دعوى للمطالبة بوقف أعمال جديدة شرع فيها المدعى عليه من شأنها الإضرار بالمدعي في المنازعات التي تختص بها المحكمة العامة,"تشمل ما تختص المحكمة العامة بنظره.; تقام كدعوى مستعجلة قبل الانتهاء من الأعمال.; إذا تم الانتهاء من العمل فترفع ""دعوى رفع ضرر"".",
عامة,الدعاوى المستعجلة - أجرة الأجير اليومية أو الأسبوعية,مطالبة عامل مشترك بأجرته، وذلك ممن وجب أن تصرف أجرته مرة على الأقل كل أسبوع.,,
عامة,الدعاوى المستعجلة - استرداد حيازة عقار,طلب ممن كان العقار بيده وأُخذ منه، إعادته إليه.,هذه الدعوى خاصة بالعقارات.,
عامة,الدعاوى المستعجلة - المعاينة لإثبات الحالة,دعوى من صاحب مصلحة ولو محتملة لإثبات معالم واقعة يحتمل أن تصبح محل نزاع أمام القضاء مستقبلا، أو إثبات شهادة يخشى فواتها في مواجهة الخصم في المنازعات التي تختص بها المحكمة العامة.,,
عامة,الدعاوى المستعجلة - منع التعرض للحيازة,طلب المدعي (واضع اليد) كف المدعى عليه عن مضايقته فيما تحت يده من عقار.,هذه الدعوى خاصة بالعقارات.,
عامة,الدعاوى المستعجلة - حجز تحفظي,طلب مقدم من المدعي للحجز التحفظي على أموال المدعى عليه قبل رفع الدعوى الأصلية التي تختص بها المحاكم العامة.,,
عامة,الدعاوى المستعجلة - إثبات شهادة,دعوى من صاحب مصلحة ولو محتملة لإثبات شهادة يخشى فواتها، ويحتمل أن تصبح محل نزاع أمام القضاء مستقبلا في مواجهة الخصم في المنازعات التي تختص بها المحكمة العامة.,,
عامة,عقارية,المنازعات حول عقار أو حق متعلق به.,,
عامة,عقارية - إخلاء عقار,مطالبة بإخراج -واضع اليد- من عقار مملوكة منفعته للمدعي.,يشمل المطالبة بفسخ العقد.; استنادًا لتعميم معالي وزير العدل رقم13/ت/8843 بتاريخ 19-12-1443هـ، لابد أن يسجل العقد في الشبكة الإلكترونية (إيجار) عن طريق البوابة (https://www.ejar.sa/ar).,
عامة,عقارية - استطراق,مطالبة بإلزام المدعى عليه بفتح طريق أو إعادته إلى ما كان عليه.,,
عامة,عقارية - تداخل عقارات,منازعة في ملكية جزء من عقار بين متجاورين بسبب التداخل.,,
عامة,عقارية - حق الشفعة,مطالبة بحق الشفعة في عقار مباع من الشريك في العين، أو المشارك في المرافق، أو المجاور.,,
عامة,عقارية - ملكية عقار,مطالبة بإثبات ملكية العقار الذي بيد المدعى عليه أو جزء منه بأي سبب من أسباب التملك من شراء وهبة ونحوه.,,لا يدخل في ذلك دعوى تداخل العقارات وطلبات صكوك الاستحكام، ولا الهبة بين الزوجين أو الهبة لوارث.
عامة,عقارية - قسمة عقارات مشتركة,دعوى في عقار مملوك لأكثر من شخص، يتقدم بها أحدهم أو بعضهم ضد بقية الشركاء مطالباً بقسمة الإجبار، وتسليمه حصته من العقار.,يشمل المطالبة بالحكم بفض الشراكة وتسليمه نصيبه من العقار المشترك، أو بيع العقار وتسليم نصيبه من الثمن.; لا يشمل هذا التصنيف العقار المشترك بإرث ولم يسبق قسمته.; لا يشمل العقارات المملوكة للشركات الخاضعة لنظام الشركات.; لا يشمل قسمة التراضي.,
عامة,عقارية - مساهمة عقارية,هي المطالبات المتعلقة بالمساهمات التي تم التعاقد عليها بين طرفين فأكثر، يسمى أحدهما مساهماً والآخر مديراً للمساهمة، ويتولى مدير المساهمة بموجبه المتاجرة في عقار معين، وتكون الأسهم متساوية، ويشترك ملاك الأسهم في الربح والخسارة، ويشمل ذلك الدعاوى المتصلة بالمساهمات العقارية اتصالاً لا يقبل التجزئة، والدعاوى الناشئة عنها أو المترتبة عليها، الداخلة ضمن اختصاص المحاكم العامة والخارجة عن اختصاص لجنة المساهمات العقارية (تصفية).,يُشترط أن تكون الدعوى في عقار معين ومحدد.; يُشترط أن تكون الدعوى متصلة بالمساهمة العقارية اتصالًا لا يقبل التجزئة، أو ناشئة عنها أو مترتبة عليها.,
عامة,عقارية - مساييل أو حمى,دعوى في المنازعات العقارية التي تتعلق بالخلاف حول مسيل المياه إلى المزارع، أو حمى المزارع، مما يكون الخلاف فيه باعتباره مرفقاً للمزرعة، وليس مشمولًا بصك تملك المدعي للعقار.,,
عامة,عقارية - مقاولات إنشاء مباني,دعوى في منازعات أعمال مقاولة إنشاء المباني التي تعدل من حالة العقار، التي تقام على غير التاجر أو على التاجر لأعماله غير التجارية الأصلية أو التبعية، ومن ذلك على سبيل المثال: البناء، والترميم، والهدم، والحفر.,تشمل المطالبة بملغ مالي، أو فسخ العقد، أو الشرط الجزائي، أو البدء بالعمل، أو إكماله، أو التعويض، أو مستحقات مالية لأعمال إضافية.,
عامة,مالية,مطالبة بمبلغ مالي في غير حادث مروري أو طلب مستعجل.,,
عامة,مالية - إثبات رهن أو بيع المرهون,مطالبة المدعي بإثبات رهن، أو بيع العين المرهونة، وتسليم الدين من ثمنها إذا عجز أو امتنع المدين عن سداد الدين، ما لم يكن سبب الدين تجارياً بالنسبة للمدين.,,
عامة,مالية - رد مسروق,مطالبة المسروق منه للسارق بإعادة ما سرقه، أو بدله.,يشمل المطالبة بأجرة المثل من حين السرقة حتى إعادة المال المسروق إن كان له أجرة.,
عامة,مالية - عاريّة,مطالبة المدعي للمدعى عليه بإعادة أو بقيمة عين سلمها له لكي ينتفع بها بلا مقابل، ثم رفض المدعى عليه إعادتها أو فقدها أو تلفت.,يشمل المطالبة بأجرة العارية من حين الامتناع من تسليمها حتى الحكم بردها.,
عامة,مالية - قرض أو سلف,المطالبة برد مبلغ قرض أو سلف.,لا يشمل المطالبة برد القرض إذا كان سببه تجاريًا.,
عامة,مالية - هبة في غير عقار,مطالبة بإثبات هبة عين أو مال، أو المطالبة بتسليمها.,يشمل المطالبة برد الموهوب.; لا يشمل الهبة بين الزوجين أو الهبة لوارث.,
عامة,مالية - أتعاب محامين أو وكلاء,المطالبة بأتعاب محاماة أو ترافع أو استرجاعها، تقام من المحامي أو الوكيل ضد موكله أو العكس بناء على اتفاق بين الطرفين، سواء كان الاتفاق قبل تقديم الدعوى أو الطلب القضائي أو بعدهما.,هذه الدعوى خاصة بين الموكل ووكيله.; ترفع في نفس المحكمة التي نظرت الدعوى الأصلية إذا كانت أتعاب ترافع.; يشمل هذا التصنيف المطالبة بالتعويض عن الأضرار التي نتجت عن الاتفاق بين الموكل ووكيله.,
عامة,مالية - أجرة أعمال,الدعاوى المتعلقة بعقود الإجارة على إنجاز أعمال من نقل عفش، أو تركيب، أو صيانة، أو غيرها.,تشمل المطالبة بالمبلغ المالي سواء كان هو الأجرة المتفق عليها في العقد، أو الزائدة عنه. - لا تشمل أجرة العقار، وأجرة المنقول، وأتعاب المحاماة، والمقاولة المعمارية. - يشمل هذا التصنيف المطالبة بفسخ عقد.,
عامة,مالية - أجرة عقار,مطالبة بمبلغ مالي ناتج عن أجرة عقار مملوكة منفعته للمدعي.,تشمل المطالبة بمبالغ أجرة العقار، أو فواتير الخدمات، أو التلفيات. - استنادًا لتعميم معالي وزير العدل رقم 13/ت/8843 بتاريخ 19-12-1443هـ، لابد أن يسجل العقد في الشبكة الإلكترونية (إيجار) عن طريق البوابة (https://www.ejar.sa/ar).,
عامة,مالية - أجرة عين منقول,دعوى في مطالبة بمبلغ مالي ناتج عن أجرة عين منقولة، كالسيارات، والمعدات ونحوها.,تشمل المطالبة بالمبلغ المالي سواء كان هو الأجرة المتفق عليها في العقد، أو الزائدة عنه.; لا تشمل أجرة العقار.,
عامة,مالية - التعويض عن أضرار التقاضي,المطالبة بالتعويض عن الأضرار الناشئة عن التقاضي ومصروفات الدعوى,هذه الدعوى بين المدعي والمدعى عليه في القضية الأصلية.; ترفع في نفس المحكمة التي نظرت الدعوى الأصلية.; لا تشمل المطالبة بين الموكل ووكيله في الدعوى الأصلي.,
عامة,مالية - ثمن مبيع,مطالبة البائع للمشتري بمبلغ مالي ناتج عن بيع عين ثابتة أو منقولة، ومطالبة المشتري للبائع بإعادة المبلغ المدفوع.,يشمل المطالبة بتسليم الثمن كاملاً أو المبلغ المتبقي منه، أو تسليم الجزء الحال، أو تسليم الجزء الحال وتسليم المتبقي وقت حلوله.,
عامة,مالية - حوالة الدين من ذمة شخص لآخر,المطالبة بدين للمدعي في ذمة طرف ثالث نُقل إلى ذمة المدعى عليه، مثال ذلك: إذا كان للمدعي دين على زيد، وكان لزيد دين على عمرو، فأحال زيدُ المدعي على عمرو لأجل مطالبته في الدين، فللمدعي إقامة الدعوى ضد المحال إليه.,ليس المقصود بها الحوالة المصرفية، أو البنكية، أو الكفالة، أو الضمان.,
عامة,مالية - شراكة في أملاك غير عقارية,مطالبة ناشئة عن شراكة في ملكية عين غير عقارية وليست معدة للتجارة، من سيارات ونحوها.,تشمل المطالبة بإثبات الشراكة، أو بيع العين، أو قسمة العين، أو بقسمة المنافع (مهايأة)، أو بأجرة المنفعة، أو بتحديد نسبة الشراكة.,لا تشمل الشراكة الناتجة عن الإرث.
عامة,مالية - ضمان (كفالة),مطالبة الدائن للضامن (الكفيل) بتسديد الدين، أيًا كان سبب الدين,يشمل مطالبة الكفيل بإحضار مكفوله.,
عامة,مالية - محاسبة وكيل,مطالبة بمحاسبة وكيل -غير وارث- وإلزامه بتسليم العهد التي لديه أو العجز الحاصل في ذمته مما هو من اختصاص المحكمة العامة,لا يلزم وجود صك وكالة.,
عامة,مالية - مطالبة الضامن للمضمون عنه (كفيل لمكفوله),مطالبة مالية مقدمة من الكفيل ضد مكفوله لتسليمه مبلغ مالي ضمنه عنه للدائن أو تخليصه (صاحب الحق الأول).,,
عامة,مالية - أرش إصابة أو دية في غير حادث مروري,المطالبة بأرش إصابة أو دية القتل أو دية المنافع، الناشئة عن غير الحوادث المرورية.,,
عامة,مالية - وديعة,مطالبة شخص أودع مالا (عينا أو نقدا) عند آخر لأجل المحافظة عليها فترة من الزمن، ثم رفض إعادتها أو تلفت أو فقدت بتعد أو تفريط، فيطلب إلزامه بإعادتها، أو يطلب إلزامه بدفع مثلها إن كان لها مثل، أو قيمتها إذا تلفت أو فقدت بتعد أو تفريط.,,
عامة,مروري,مطالبة ناشئة عن واقعة يكون أحد أطرافها مركبة متحركة وينتج عنها أضرار بشرية أو مادية دون قصد.,,
عامة,مروري - حق خاص ناشئ عن حادث مروري,مطالبة بحق خاص ناشئة عن واقعة يكون أحد أطرافها مركبة متحركة وينتج عنها أضرار بشرية أو مادية دون قصد.,,
عامة,الاستئناف,الدعوى التي ترفع للاستئناف مباشرة مثل دعاوى التحكيم في العقود التي تختص بها المحكمة العامة.,,
عامة,الاستئناف - التحكيم (عامة),الدعاوى الناشئة عن منازعات التحكيم في الدعاوى المدنية عند وجود اتفاق على التحكيم.,اتفاق التحكيم: هو اتفاق بين طرفين أو أكثر على أن يحيلا إلى التحكيم جميع أو بعض المنازعات المحددة التي نشأت أو قد تنشأ بينهما في شأن علاقة نظامية محددة، تعاقدية كانت أم غير تعاقدية، سواءً أكان - - اتفاق التحكيم في صورة شرط تحكيم وارد في عقد، أم في صورة مشارطة تحكيم مستقلة.; هيئة التحكيم: هي المحكم الفرد أو الفريق من المحكمين، الذي يفصل في النزاع المحال إلى التحكيم.; المحكمة المختصة: هي المحكمة صاحبة الولاية نظاماً بالفصل في المنازعات التي اتفق على التحكيم فيها.,
عمالية,,الدعاوى المتعلقة بعقود العمل والجزاءات التأديبية وإيقاع العقوبات المنصوص عليها في نظام العمل.,تشمل المنازعات المتعلقة بعقود العمل والأجور والحقوق وإصابات العمل والتعويض عنها.; تشمل المنازعات المتعلقة بإيقاع صاحب العمل الجزاءات التأديبية على العامل، أو المتعلقة بطلب الإعفاء منها.; تشمل الدعاوى المرفوعة لإيقاع العقوبات المنصوص عليها في نظام العمل.; تشمل المنازعات المترتبة على الفصل من العمل.; تشمل شكاوى أصحاب العمل والعمال الذين لم تقبل اعتراضاتهم ضد أي قرار صادر من أي جهاز مختص في المؤسسة العامة للتأمينات الاجتماعية، يتعلق بوجوب التسجيل والاشتراكات أو التعويضات.; تشمل المنازعات المتعلقة بالعمال الخاضعين لأحكام نظام العمل، بمن في ذلك عمال الحكومة.; تشمل المنازعات الناشئة عن تطبيق نظام العمل ونظام التأمينات الاجتماعية، دون إخلال باختصاصات المحاكم الأخرى وديوان المظالم.,لا تشمل المطالبة بتأمين طبي.; لا تشمل الاعتراض على الدعاوى الصادرة من الهيئة الابتدائية/ العليا لتسوية الخلافات العمالية.; لا تشمل المطالبة بنقل الكفالة.; لا تشمل المطالبة بإلغاء بلاغ الهروب.; لا تشمل المطالبة بإلغاء بلاغ تغيب.; لا تشمل المطالبة بإلغاء بلاغ خروج نهائي.; لا تشمل المطالبة بالخروج النهائي.; لا تشمل المطالبة بإثبات كيدية بلاغ.
عمالية,اعتراض على قرارات,هي المطالبة بإلغاء أو تخفيف القرارات الإدارية الصادرة من صاحب العمل أو لجان العمالة المنزلية أو المؤسسة العامة للتأمينات الاجتماعية وفقا للمواعيد المقررة نظاما أمام المحكمة العمالية.,,
عمالية,اعتراض على قرارات - التأمينات الاجتماعية,هي الدعوى المقدمة من العامل أو صاحب العمل ضد المؤسسة العامة للتأمينات الاجتماعية للمطالبة بإلغاء قرار التسجيل والاشتراك أو التعويض بعد اتباع التسلسل الإجرائي المنصوص عليه بنظام التأمينات الاجتماعية.,يلزم تقديم شكوى لدى المؤسسة العامة لدى التأمينات الاجتماعية قبل الاعتراض على قرار التأمينات الاجتماعية.,
عمالية,اعتراض على قرارات - إثبات السبب الصحيح لإنهاء العلاقة,هي الدعوى المقدمة من العامل ضد صاحب العمل لإثبات سبب انتهاء العلاقة العمالية الصحيح.,يلزم التقديم على خدمة التسوية الودية للخلافات العمالية قبل رفع الدعوى.; الاستثناءات: لا يشمل طلب العمولات، حيث إن طلب العمولات يرفع في صحيفة دعوى مستقلة.,
عمالية,اعتراض على قرارات - إيقاع العقوبات النظامية,هي الدعوى المقدمة من المدعي العام في وزارة الموارد البشرية ضد صاحب العمل للمطالبة بإيقاع العقوبة النظامية,ما يرفع المدعي العام بوزارة الموارد البشرية لتطبيق العقوبات النظامية على من يخالف أحكام أو لوائح أو القرارات التنفيذية لنظام العمل,
عمالية,اعتراض على قرارات - دعوى اعتراض على قرار المنشأة الإداري,هي الدعوى المقدمة من العامل ضد صاحب العمل للمطالبة بإلغاء القرار الإداري أو الإعفاء من الجزاءات التأديبية.,يلزم التقديم على خدمة التسوية الودية للخلافات العمالية قبل رفع الدعوى.; تشمل المطالبة بإلغاء قرار الجزاء التأديبي.; تشمل المطالبة بإلغاء النقل المكاني.; تشمل المطالبة بإلغاء النقل الوظيفي.; تشمل المطالبة بإلغاء تخفيض الأجر.; تشمل المطالبة بإلغاء الحسميات (الإيقاف عن العمل مع الحرمان من الأجر- غرامات).,لا يشمل طلب العمولات، حيث إن طلب العمولات يرفع في صحيفة دعوى مستقلة.
عمالية,اعتراض على قرارات - لجان الخدمة المنزلية,هي الدعوى المقدمة من العامل أو صاحب العمل للمطالبة بإلغاء القرار الصادر من لجان العمالة المنزلية خلال المواعيد المقررة لذلك نظامًا (وهي عشرة أيام من استلام القرار محل التظلم).,يلزم تقديم شكوى لدى لجان الخدمة المنزلية قبل الاعتراض على قرار لجان الخدمة المنزلية.; ترفع دعوى الاعتراض على قرارات لجان الخدمة المنزلية على وزارة الموارد البشرية والتنمية الاجتماعية.,
عمالية,الطلبات العارضة والعاجلة,هي دعوى جعل لها النظام صفة الاستعجال لخشية فوات الوقت بدفع ضرر محدق أو الاستيثاق لحق يخشى زوال دليله عند النزاع فيه.,,
عمالية,الطلبات العارضة والعاجلة - منع من السفر,دعوى للمطالبة بمنع المدعى عليه من السفر إذا قامت أسباب تدعو الظن أن سفر المدعى عليه أمر متوقع، وبأنه يعرض حق المدعي للخطر أو يؤخر أداؤه في المنازعات التي تختص بها المحكمة العمالية.,إذا كان بين الأطراف دعوى قائمة فيرفع المدعي طلب عارض للمنع من السفر.; إذا كان طلب منع من السفر بعد صدور الحكم، فتختص به محكمة التنفيذ.,
عمالية,الطلبات العارضة والعاجلة - أجرة الأجير اليومية أو الأسبوعية,هي الدعوى أو الطلب المقدم من العامل أو العاملة ضد صاحب العمل لمطالبته بالأجر اليومي أو الأسبوعي المتأخر دفعه وقت استحقاقه.,لا تشمل المطالبة إذا لم يكن المدعي أجير خاص لدى المدعى عليه.; لا تشمل المطالبة بالأجرة الشهرية.,
عمالية,الطلبات العارضة والعاجلة - إيقاف التنفيذ,هو طلب يقدم من المنفذ ضده أو من له مصلحة للحصول على قرار قضائي من محكمة الموضوع بإيقاف السند التنفيذي كأن يكون (حكم، أو محضر صلح، أو شيك، أو قرار، أو سند لأمر) محل التنفيذ.,,
عمالية,الطلبات العارضة والعاجلة - المعاينة لإثبات الحالة,دعوى من صاحب مصلحة ولو محتملة لإثبات معالم واقعة يحتمل أن تصبح محل نزاع أمام القضاء مستقبلا في مواجهة الخصم في المنازعات التي تختص بها المحكمة العمالية.,تشمل إثبات المعاينة للعين المطلوب معاينته.,
عمالية,الطلبات العارضة والعاجلة - حجز تحفظي.,هو طلب يقدم ممن له مصلحة لإصدار أمر بالحجز على أملاك المدعى عليه وإبقائها في عهدته لأجل استيفاء المبلغ محل المطالبة.,,
عمالية,الطلبات العارضة والعاجلة - إثبات شهادة,دعوى من صاحب مصلحة ولو محتملة لإثبات شهادة يخشى فواتها في مواجهة الخصم في المنازعات التي تختص بها المحكمة العمالية.,,
عمالية,حقوق مالية,هي المنازعات المالية بين العامل وصاحب العمل التي نشأت بموجب عقد العمل أو النظام، كالأجر، مكافأة نهاية الخدمة، العمولات، البدلات، التلفيات ونحوها.,,
عمالية,حقوق مالية - مكافأة,هي الدعوى المقدمة من العامل ضد صاحب العمل لمطالبته بدفع مكافأة نهاية الخدمة عند انتهاء علاقة العمل أو مكافأة مقررة في العقد أو لائحة تنظيم العمل الداخلي متأخر دفعها عن وقت استحقاقها.,يلزم التقديم على خدمة التسوية الودية للخلافات العمالية قبل رفع الدعوى.; تشمل المطالبة بمكافأة سنوية.; تشمل المطالبة بمكافأة التدريب.,لا تشمل المطالبة بمكافأة نهاية الخدمة إذا كانت حالة العلاقة العمالية مستمرة.; لا تشمل المطالبة بمكافأة نهاية الخدمة في حال كان نوع العقد مؤقت، أو لبعض الوقت، أو مرن، أو تأهيل وتدريب.
عمالية,حقوق مالية - أتعاب محاماة أو وكلاء,هي الدعوى التي تقام من المحامي أو الوكيل ضد عميله (صاحب العمل أو العامل) أو العكس لطلب أتعاب المحاماة أو الترافع أو استرجاع المتأخر عن سداده بعد إتمام العمل.,هذه الدعوى خاصة بين الوكيل وموكله.; أتعاب الترافع تقدم لدى المحكمة التي نظرت الدعوى الأصلية.; يشمل هذا التصنيف المطالبة عن الأضرار التي نتجت عن الاتفاق بين الموكل ووكيله.,لا يشمل مطالبة الأتعاب بين المدعي والمدعى عليه في الدعوى الأصلية.; لا تشمل المطالبة بأتعاب المحاماة عن الأحكام الصادرة من محاكم أو دوائر غير عمالية.; لا تشمل المطالبة بأتعاب الدعاوى المنظورة في هيئات تسوية الخلافات العمالية.; لا تشمل المطالبة بأتعاب المحاماة أو الترافع أمام التسوية الودية.
عمالية,حقوق مالية - أجر,هي مطالبة العامل ضد صاحب العمل بالأجر المتأخر دفعه في وقت استحقاقه، أو مطالبة صاحب العمل ضد العامل لاسترداد أجور مدفوعة دون سبب مشروع.,يلزم التقديم على خدمة التسوية الودية للخلافات العمالية قبل رفع الدعوى.; تشمل المطالبة بأجر ساعات إضافية.; تشمل المطالبة بأجر عمل أثناء الإجازة الرسمية.; تشمل تسليم أجر الإجازات غير المتمتع بها; تشمل المطالبة بأجر مدة الإيقاف.; تشمل المطالبة بفرق زيادة الأجر.; تشمل المطالبة بزيادة الأجر.; تشمل المطالبة بالأجور المحسومة.; للمطالبة بالأجر اليومي أو الأسبوعي يتم اختيار نوع دعوى (أجرة الأجير اليومية أو الأسبوعية).,لا يشمل طلب العمولات، حيث إن طلب العمولات يرفع في صحيفة دعوى مستقلة.; لا تشمل المطالبة بالأجر في حال كان نوع العقد تأهيل وتدريب.
عمالية,حقوق مالية - بدل,هي الدعوى المقدمة من العامل للمطالبة بالمبالغ التي يدفعها صاحب العمل للعامل مقابل طاقة يبذلها أو لمخاطر يتعرض لها في أداء عمله والتي تقرر للعامل بموجب عقد العمل أو لائحة تنظيم العمل الداخلي.,يلزم التقديم على خدمة التسوية الودية للخلافات العمالية قبل رفع الدعوى.; تشمل المطالبة ببدل السكن.; تشمل المطالبة ببدل طبيعة العمل.; تشمل المطالبة ببدل التذاكر; تشمل المطالبة ببدل المواصلات; تشمل المطالبة ببدل انتقال.; تشمل المطالبة ببدل خطر.; تشمل المطالبة ببدل إعاشة.; تشمل المطالبة ببدل تعليم أولاد.; تشمل المطالبة ببدل اتصال.,لا يشمل طلب العمولات، حيث إن طلب العمولات يرفع في صحيفة دعوى مستقلة.; لا تشمل المطالبة بالبدل في حال كان نوع العقد تأهيل وتدر
عمالية,حقوق مالية - دفع أو استرداد الرسوم,هي الدعوى المقدمة من العامل ضد صاحب العمل للمطالبة بدفع الرسوم الحكومية من الجهات المختصة (وزارة الداخلية - وزارة الموارد البشرية).,يلزم التقديم على خدمة التسوية الودية للخلافات العمالية قبل رفع الدعوى.; تشمل المطالبة بدفع الرسوم الحكومية (رسوم تجديد الإقامة، رسوم تجديد رخصة العمل، رسوم الاستقدام، رسوم تعديل المهنة، رسوم إصدار تأشيرة الخروج والعودة، غرامات التأخير).; تشمل المطالبة باسترداد الرسوم الحكومية (رسوم تجديد الإقامة، رسوم تجديد رخصة العمل، رسوم الاستقدام، رسوم تعديل المهنة، رسوم إصدار تأشيرة الخروج والعودة، غرامات التأخير).,لا تشمل المطالبة برسوم التابعين.; لا يشمل طلب العمولات، حيث إن طلب العمولات يرفع في صحيفة دعوى مستقلة.; لا تشمل المطالبة باسترداد الرسوم في حال كان نوع العقد مرن أو تأهيل وتدريب.; تشمل مطالبة العامل برسوم نقل الخدمات في حال ألزم صاحب العمل العامل دفع التكاليف نيابة عنه.; لا تشمل المطالبة برسوم نقل الخدمات ما دفعه صاحب العمل لقاء نقل خدمات العامل إليه.
عمالية,حقوق مالية - قيمة متلف,هي الدعوى أو الطلب المقدم من صاحب العمل ضد العامل أو العاملة للمطالبة بالتعويض عما أتلفه العامل أو العاملة من آلات أو منتجات تعود ملكيتها لصاحب العمل أو في عهدته,يلزم التقديم على خدمة التسوية الودية للخلافات العمالية قبل رفع الدعوى.,لا تشمل المطالبة بقيمة المتلف في حال كان نوع العقد تأهيل وتدريب.
عمالية,حقوق مالية - مبالغ مالية أنفقها العامل لصالح العمل,هي الدعوى المقدمة من العامل ضد صاحب العمل للمطالبة بما دفعه من مبالغ مالية بتوجيه صاحب العمل لأجل تصريف شؤون العمل.,يلزم التقديم على خدمة التسوية الودية للخلافات العمالية قبل رفع الدعوى.; تشمل المطالبة بسداد الفواتير أو المخالفات.; تشمل المطالبة بتغطية عبء مالي للمنشأة.,لا يشمل طلب العمولات، حيث إن طلب العمولات يرفع في صحيفة دعوى مستقلة.
عمالية,حقوق مالية - العمولات,هي الدعوى المقدمة من العامل للمطالبة بمبالغ مالية يدفعها صاحب العمل مقابل ما يقوم به من تسويق أو إنتاج أو تحصيل وتكون 	مقررة في العقد أو لائحة تنظيم العمل الداخلي وتعد من الأجر الفعلي للعامل.,يلزم التقديم على خدمة التسوية الودية للخلافات العمالية قبل رفع الدعوى.,
عمالية,حقوق وظيفية,هي المنازعات غير المالية التي نشأت للعامل بموجب عقد العمل أو النظام أو لائحة تنظيم العمل الداخلي كتذاكر السفر، تذكرة العودة للوطن، الترقيات، التسكين، التمكين من العمل ونحوها.,,
عمالية,حقوق وظيفية - تأمين سكن,هي الدعوى المقدمة من العامل ضد صاحب العمل لإلزامه بتوفير السكن المتفق عليه.,يلزم التقديم على خدمة التسوية الودية للخلافات العمالية قبل رفع الدعوى.,لا يشمل طلب العمولات، حيث إن طلب العمولات يرفع في صحيفة دعوى مستقلة.
عمالية,حقوق وظيفية - توسيع مجال خدمات التأمين الصحي,توسيع مجال خدمات التأمين الصحي.,,
عمالية,حقوق وظيفية - تذاكر سفر,هي الدعوى المقدمة من العامل ضد صاحب العمل لإلزامه بمنح تذكرة عودة لموطنه بعد نهاية العقد أو تسليم تذاكر سفر حسب مستند الاستحقاق.,يلزم التقديم على خدمة التسوية الودية للخلافات العمالية قبل رفع الدعوى.; ترفع المطالبة بتذاكر السفر من غير السعودي.; تشمل تذاكر سفر الإجازة السنوية.; تشمل تذاكر سفر العودة للوطن.,لا تشمل المطالبة بتذاكر السفر في حال كان نوع العقد لبعض الوقت أو مرن أو تأهيل وتدريب أو (أجير).; لا يشمل طلب العمولات، حيث إن طلب العمولات يرفع في صحيفة دعوى مستقلة.
عمالية,حقوق وظيفية - ترقية أو علاوة,هي الدعوى المقدمة من العامل ضد صاحب العمل لمطالبته بترقيته للدرجة الأعلى المستحقة.,يلزم التقديم على خدمة التسوية الودية للخلافات العمالية قبل رفع الدعوى.; تشمل المطالبة بالعلاوة.,لا يشمل طلب العمولات، حيث إن طلب العمولات يرفع في صحيفة دعوى مستقلة.
عمالية,حقوق وظيفية - تسكين على وظيفة أو تعديل أو مساواة في المرتبة,هي الدعوى المقدمة من العامل ضد صاحب العمل لإلزامه بتسكينه أو تعديل أو مساواة مرتبته الوظيفية المستحقة.,يلزم التقديم على خدمة التسوية الودية للخلافات العمالية قبل رفع الدعوى.; تشمل المطالبة بالتسكين على وظيفة.; تشمل المطالبة بتعديل المرتبة الوظيفية; تشمل المطالبة بمساواة وظيفية.,لا يشمل طلب العمولات، حيث إن طلب العمولات يرفع في صحيفة دعوى مستقلة.
عمالية,حقوق وظيفية - تسليم عهدة أو استرداد قرض,هي الدعوى المقدمة من العامل ضد صاحب العمل لإلزامه بتسكينه أو تعديل أو مساواة مرتبته الوظيفية المستحقة.,,لا تشمل المطالبة بالعهدة المالية فيكون اختصاص نظرها لدى المحكمة العامة وفقا لقرار المحكمة العليا رقم 4 / 3 / 159 بتاريخ 1441 / 05 / 26.; لا تشمل المطالبة باسترداد السُلف الشخصية.; لا تشمل المطالبة المالية بدعوى استيلاء العامل بغير وجه حق على الأموال.; لا تشمل مطالبة العامل المالية بدعوى ا لاختلاس.; لا تشمل مطالبة العامل المالية بدعوى خيانة للأمانة.; لا تشمل مطالبة العامل المالية بدعوى العجز في الميزانية.
عمالية,حقوق وظيفية - تمكين من العمل,هي الدعوى المقدمة من العامل ضد صاحب العمل لإلزامه بممارسة العمل المتفق عليه.,,لا تشمل المطالبة إذا كانت حالة العلاقة منتهية بسبب مشروع أو غير مشروع.; لا يشمل طلب العمولات، حيث إن طلب العمولات يرفع في صحيفة دعوى مستقلة.
عمالية,مستندات ووثائق,هي المنازعات الناشئة عن المطالبات المستندية من العامل ضد صاحب العمل أو العكس التي نشأت بموجب عقد العمل أو النظام أو لائحة تنظيم العمل الداخلي كنسخة العقد، الوثائق المودعة لدى صاحب العمل ونحوها.,,
عمالية,مستندات ووثائق - نسخة من عقد العمل,هي الدعوى المقدمة من العامل ضد صاحب العمل للإلزام بتسليمه نسخة من عقد العمل.,,لا يشمل طلب العمولات، حيث أن طلب العمولات يرفع في صحيفة دعوى مستقلة.
عمالية,مستندات ووثائق - مستندات ووثائق,هي الدعوى المقدمة من العامل ضد صاحب العمل أو العكس للإلزام بإعادة المستندات والوثائق المسلمة له.,يلزم التقديم على خدمة التسوية الودية للخلافات العمالية قبل رفع الدعوى.; تشمل جواز السفر.; تشمل الشهادات ونحوها من وثائق تخص العامل.; تشمل رخصة الإقامة-وثيقة التأمين الطبي.,
عمالية,مستندات ووثائق - شهادة الخدمة,هي الدعوى المقدمة من العامل ضد صاحب العمل للإلزام بتسليمه شهادة الخدمة عن فترة عمله.,يلزم التقديم على خدمة التسوية الودية للخلافات العمالية قبل رفع الدعوى.,لا يشمل طلب العمولات، حيث أن طلب العمولات يرفع في صحيفة دعوى مستقلة.
عمالية,تعويض,الدعاوى المتعلقة بالتعويضات المالية التي تطلب من العامل أو صاحب العمل.,,
عمالية,تعويض - تكاليف العلاج,تكاليف العلاج.,,
عمالية,تعويض - التعويض عن عدم التسجيل في التأمينات,هي الدعوى المقدمة من العامل ضد صاحب العمل لمطالبته بالتعويض عن عدم تسجيله لدى التأمينات الاجتماعية وفقا للمواعيد المقررة عند بداية التعاقد مما يؤدي لفوات المنافع المقررة له بنظام التأمينات الاجتماعية.,يلزم التقديم على خدمة التسوية الودية للخلافات العمالية قبل رفع الدعوى.; ترفع الدعوى على صاحب العمل وليس على المؤسسة العامة للتأمينات الاجتماعية.,لا تشمل المطالبة بالتسجيل في التأمينات الاجتماعية.; لا يشمل طلب العمولات، حيث إن طلب العمولات يرفع في صحيفة دعوى مستقلة
عمالية,تعويض - إنهاء العلاقة العمالية من صاحب العمل,هي الدعوى المقدمة من العامل ضد صاحب العمل للمطالبة بالتعويض عن إنهاء العلاقة العمالية لسبب غير مشروع وفقا للمادة 77 من نظام العمل.,,لا تشمل المطالبة بالتعويض عن إنهاء العلاقة العمالية إذا كانت حالة العلاقة العمالية مستمرة.; لا تشمل المطالبة بالتعويض عن بلاغ التغيب.; لا تشمل المطالبة بتكاليف الاستقدام.; لا يشمل طلب العمولات، حيث إن طلب العمولات يرفع في صحيفة دعوى مستقلة.
عمالية,تعويض - إنهاء العلاقة العمالية من العامل,هي الدعوى المقدمة من صاحب العمل ضد العامل للمطالبة بالتعويض عن إنهاء العلاقة العمالية لسبب غير مشروع وفقا للمادة 77 من نظام العمل.,,لا تشمل المطالبة بالتعويض عن إنهاء العلاقة العمالية إذا كانت حالة العلاقة العمالية مستمرة.; لا تشمل المطالبة بالتعويض عن بلاغ التغيب.; لا تشمل المطالبة بتكاليف الاستقدام
عمالية,تعويض - عدم إلتزام صاحب العمل بمهلة الإشعار,هي الدعوى المقدمة من العامل ضد صاحب العمل للمطالبة بالتعويض عن عدم الإشعار بالرغبة في إنهاء العلاقة العمالية.,,لا تشمل المطالبة بالتعويض عن عدم الالتزام بمهلة الإشعار إذا كانت حالة العلاقة العمالية مستمرة.; لا يشمل طلب العمولات، حيث إن طلب العمولات يرفع في صحيفة دعوى مستقلة.; لا تشمل المطالبة بالتعويض عن عدم الالتزام بمهلة الإشعار في العقود محددة المدة.
عمالية,تعويض - عدم إلتزام العامل بمهلة الإشعار,هي الدعوى المقدمة من صاحب العمل ضد العامل للمطالبة بالتعويض عن عدم الإشعار بالرغبة في إنهاء العلاقة العمالية.,,لا تشمل المطالبة بالتعويض عن عدم الالتزام بمهلة الإشعار إذا كانت حالة العلاقة العمالية مستمرة.; لا تشمل المطالبة بالتعويض عن عدم الالتزام بمهلة الإشعار في العقود محددة المدة.; لا يشمل طلب العمولات، حيث إن طلب العمولات يرفع في صحيفة دعوى مستقلة.
عمالية,تعويض - التعويض عن أضرار التقاضي,هي الدعوى المقدمة من العامل ضد صاحب العمل أو العكس للمطالبة بالتعويض عن مصروفات نشأت عن قضية منظورة في المحكمة العمالية أو دائرة عمالية في المحكمة العامة، والتي تكبدها بسبب المطالبة بحقوقه العمالية.,,لا تشمل المطالبة التعويض عن أضرار التقاضي عن الأحكام الصادرة من محاكم أو دوائر غير عمالية.; لا تشمل المطالبة التعويض عن أضرار التقاضي عن الدعاوى المنظورة في هيئات تسوية الخلافات العمالية. -; لا تشمل المطالبة التعويض عن أضرار التقاضي عن الترافع أمام التسوية الودية.
عمالية,تعويض - رصيد الإجازات,التعويض عن رصيد الإجازات.,,
عمالية,تعويض - إصابة العمل,هي الدعوى المقدمة من العامل على صاحب العمل غير الخاضع لـ(فرع الأخطار المهنية) لدى المؤسسة العامة للتأمينات الاجتماعية للمطالبة بالتعويض عن إصابة عمل منصوص عليها في نظام التأمينات الاجتماعية.,,
عمالية,تعويض - عدم المنافسة وحماية الأسرار,هي الدعوى المقدمة من صاحب العمل ضد العامل لإلزامه بتطبيق شرط عدم المنافسة أو التعويض عن مخالفة الشرط أو التعويض عن إفشاء الأسرار.,يلزم التقديم على خدمة التسوية الودية للخلافات العمالية قبل رفع الدعوى.; تشمل المطالبة بالتعويض عن المنافسة غير المشروعة أو إفشاء الأسرار.; تشمل المطالبة بالاستمرار في تنفيذ شرط عدم منافسة.,
عمالية,الاستئناف,الدعاوى التي تنظر لدى دوائر الاستئناف مباشرةً في العقود العمالية.,,
عمالية,الاستئناف - التحكيم (عمالي),الدعاوى الناشئة عن منازعات التحكيم في الدعاوى العمالية عند وجود اتفاق على التحكيم.,,
إنهاءات,,الطلب الذي يقدمه الشخص إلى المحكمة طالبا فيه إعطاءه وثيقة إثبات أو أذونات في غير مواجهة خصم.,,
إنهاءات,الورثة,الورثة,,
إنهاءات,الورثة - قسمة تركة بالتراضي مع وجود قاصر، أو غائب، أو مفقود، أو وقف، أو وصية,قسمة تركة بالتراضي مع وجود قاصر، أو غائب، أو مفقود، أو وقف، أو وصية.,,قسمة التركة في حالة وجود نزاع، ففي هذه الحالة يتم تقديم دعوى قسمة تركة لدى الأحوال الشخصية.
إنهاءات,الورثة - بيان أنصباء الورثة مع وجود قاصر، أو غائب، أو مفقود، أو وقف، أو وصية,بيان أنصباء الورثة.,,
إنهاءات,الورثة - إثبات وفاة أو حصر ورثة متوفى بحالات خاصة,إثبات وفاة أو حصر ورثة متوفى بحالات خاصة.,,
إنهاءات,الولايات,إنهاءات متعلقة بالولايات على القاصر سناً أو عقلاً أو مال المفقود.,مثل: إقامة ولاية على قاصر سناً أو عقلاً أو مال مفقود، استمرار ولاية على قاصر عقلاً، إثبات رشد من كان قاصراً عقلاً.,
إنهاءات,الولايات - إقامة ولاية على قاصر سناً,إقامة ولاية على قاصر سناً.,,
إنهاءات,الولايات - إقامة ولاية على قاصر عقلاً,إقامة ولاية على قاصر عقلاً.,,
إنهاءات,الولايات - إثبات رشد من كان قاصراً عقلاً,إثبات رشد من كان قاصراً عقلاً.,,
إنهاءات,الولايات - فسخ ولاية بطلب من الولي,فسخ ولاية بطلب من الولي.,,
إنهاءات,الولايات - تقدير نفقة قاصر,تقدير نفقة قاصر,,
إنهاءات,الولايات - فسخ الولاية لموت الولي,فسخ الولاية لموت الولي,,
إنهاءات,الولايات - إقامة ولاية على مال مفقود,إقامة ولاية على مال مفقود,,
إنهاءات,الولايات - فسخ ولاية على مال مفقود,فسخ ولاية على مال مفقود.,,
إنهاءات,الولايات - ولاية ورعاية وحضانة يتيم أو ذوي احتياجات خاصة,ولاية ورعاية وحضانة يتيم أو ذوي احتياجات خاصة.,,
إنهاءات,إثباتات اجتماعية,إثباتات اجتماعية.,مثل: الموافقة على الزواج المبكر، إثبات انقطاع الأولياء عن المرأة لغرض الزواج، عقد زواج بولاية القاضي، إثبات أقرب ولي لتزويج، إثبات فقد وغيبة,
إنهاءات,إثباتات اجتماعية - تنازل عن أرش إصابة أو دية غير العمد وشبه العمد,إنهاء يتضمن تنازل صاحب الحق في حادث مروري ونحوه، عن الدية أو أرش الإصابة بمقابل أو بدون، فيما إذا كان القتل أو الإصابة عن طريق الخطأ.,,
إنهاءات,إثباتات اجتماعية - الموافقة على الزواج المبكر.,الموافقة على الزواج المبكر.,,
إنهاءات,إثباتات اجتماعية - إثبات انقطاع الأولياء عن المرأة لغرض الزواج.,إثبات انقطاع الأولياء عن المرأة لغرض الزواج,,
إنهاءات,إثباتات اجتماعية - عقد زواج بولاية القاضي,عقد زواج بولاية القاضي.,,
إنهاءات,إثباتات اجتماعية - إثبات أقرب ولي لتزويج,إثبات أقرب ولي لتزويج,,
إنهاءات,إثباتات اجتماعية - إثبات فقد وغيبة,إثبات فقد وغيبة,,
إنهاءات,إثباتات اجتماعية - إثبات تبين حال مفقود بالسلامة والحضور,إثبات تبين حال مفقود بالسلامة والحضور,,
إنهاءات,الأوقاف والوصايا,الإنهاءات المتعلقة بالأوقاف والوصايا.,,
إنهاءات,الأوقاف والوصايا - إقامة ناظر على وقف,إقامة ناظر على وقف.,,
إنهاءات,الأوقاف والوصايا - إذن تصرف بأملاك وقف أو وصية,إذن تصرف بأملاك وقف أو وصية,,
إنهاءات,الأوقاف والوصايا - تعديل وإضافة لصك الوقف أو الوصية,تعديل وإضافة لصك الوقف أو الوصية.,,
إنهاءات,الأوقاف والوصايا - طلب المستثمر فسخ أو تعديل على عقد الاستثمار المأذون به من المحكمة,طلب المستثمر فسخ أو تعديل على عقد الاستثمار المأذون به من المحكمة.,,
إنهاءات,الأوقاف والوصايا - تسليم أموال الوقف أو الوصية المودعة لدى الهيئة,تسليم أموال الوقف أو الوصية المودعة لدى الهيئة,,
إنهاءات,الأوقاف والوصايا - إقامة مشرف على وقف أو وصية,إقامة مشرف على وقف أو وصية.,,
إنهاءات,الأوقاف والوصايا - استقالة ناظر على وقف أو وصية,استقالة ناظر على وقف أو وصية.,,
إنهاءات,الأوقاف والوصايا - إثبات وقف أو وصية لمتوفى ومن ضمن الورثة غائب أو قاصر أو مفقود,إثبات وقف أو وصية لمتوفى ومن ضمن الورثة غائب أو قاصر أو مفقود.,,
إنهاءات,الأذونات,إذن التصرف بأملاك القاصر أو المفقود أو الغائب.,,
إنهاءات,الأذونات - إذن التصرف بأملاك القاصر أو المفقود أو الغائب,إذن التصرف بأملاك القاصر أو المفقود أو الغائب.,,
إنهاءات,تعديلات الصكوك,الإنهاءات المتعلقة بتعديلات الصكوك العقارية أو الإنهائية.,,
إنهاءات,تعديلات الصكوك - تعديل وتهميش على صك إنهائي,تعديل وتهميش على صك إنهائي.,,
إنهاءات,إنهاءات الأوقاف والمواريث في الأحساء والقطيف.,إنهاءات الأوقاف والمواريث في الأحساء والقطيف,,
إنهاءات,إنهاءات الأوقاف والمواريث في الأحساء والقطيف. - إثبات زواج سابق,إثبات زواج سابق.,,
إنهاءات,إنهاءات الأوقاف والمواريث في الأحساء والقطيف. - إثبات رجعة,إثبات رجعة.,,
إنهاءات,إنهاءات الأوقاف والمواريث في الأحساء والقطيف. - إثبات طلاق,إثبات طلاق.,,
إنهاءات,إنهاءات الأوقاف والمواريث في الأحساء والقطيف. - إثبات خلع,إثبات خلع.,,
إنهاءات,إنهاءات الأوقاف والمواريث في الأحساء والقطيف. - إثبات حضانة,إثبات حضانة.,,
إنهاءات,إنهاءات الأوقاف والمواريث في الأحساء والقطيف. - إثبات زواج أحد الزوجين غير سعودي,إثبات زواج أحد الزوجين غير سعودي.,,
إنهاءات,إنهاءات الأوقاف والمواريث في الأحساء والقطيف. - إثبات ورثة متوفى,إثبات ورثة متوفى.,,
إنهاءات,إنهاءات الأوقاف والمواريث في الأحساء والقطيف. - الموافقة على الزواج المبكر,الموافقة على الزواج المبكر.,,
إنهاءات,إنهاءات الأوقاف والمواريث في الأحساء والقطيف. - إثبات وقف,إثبات وقف,,
إنهاءات,إنهاءات الأوقاف والمواريث في الأحساء والقطيف. - إثبات وصية,إثبات وصية,,
إنهاءات,إنهاءات الأوقاف والمواريث في الأحساء والقطيف. - قسمة تركة بالتراضي مع وجود قاصر، أو غائب، أو مفقود، أو وقف، أو وصية,قسمة تركة بالتراضي مع وجود قاصر، أو غائب، أو مفقود، أو وقف، أو وصية,,
إنهاءات,إنهاءات الأوقاف والمواريث في الأحساء والقطيف. - إنشاء عقد زواج,إنشاء عقد زواج.,,
